2026-07-26T00:46:37.951+06:00  WARN 14068 --- [CartFlow-POS v1.0] [HikariPool-1:housekeeper] com.zaxxer.hikari.pool.HikariPool        : HikariPool-1 - Thread starvation or clock leap detected (housekeeper delta=23m18s912ms871µs700ns).
2026-07-26T01:13:36.448+06:00  INFO 14068 --- [CartFlow-POS v1.0] [SpringApplicationShutdownHook] o.s.boot.tomcat.GracefulShutdown         : Commencing graceful shutdown. Waiting for active requests to complete
2026-07-26T01:13:36.455+06:00  INFO 14068 --- [CartFlow-POS v1.0] [tomcat-shutdown] o.s.boot.tomcat.GracefulShutdown         : Graceful shutdown complete
2026-07-26T01:13:36.460+06:00  INFO 14068 --- [CartFlow-POS v1.0] [SpringApplicationShutdownHook] j.LocalContainerEntityManagerFactoryBean : Closing JPA EntityManagerFactory for persistence unit 'default'
2026-07-26T01:13:36.465+06:00  INFO 14068 --- [CartFlow-POS v1.0] [SpringApplicationShutdownHook] com.zaxxer.hikari.HikariDataSource       : HikariPool-1 - Shutdown initiated...
2026-07-26T01:13:36.469+06:00  INFO 14068 --- [CartFlow-POS v1.0] [SpringApplicationShutdownHook] com.zaxxer.hikari.HikariDataSource       : HikariPool-1 - Shutdown completed.
2026-07-26T01:13:39.174+06:00  INFO 27112 --- [CartFlow-POS v1.0] [restartedMain] c.sparktech.cart_pos_v1_0.Application    : Starting Application using Java 25.0.3 with PID 27112 (E:\Advance Java Assignment\CartFlow-POS v1.0\target\classes started by LENOVO in E:\Advance Java Assignment\CartFlow-POS v1.0)
2026-07-26T01:13:39.177+06:00  INFO 27112 --- [CartFlow-POS v1.0] [restartedMain] c.sparktech.cart_pos_v1_0.Application    : No active profile set, falling back to 1 default profile: "default"
2026-07-26T01:13:39.225+06:00  INFO 27112 --- [CartFlow-POS v1.0] [restartedMain] .e.DevToolsPropertyDefaultsPostProcessor : Devtools property defaults active! Set 'spring.devtools.add-properties' to 'false' to disable
2026-07-26T01:13:39.225+06:00  INFO 27112 --- [CartFlow-POS v1.0] [restartedMain] .e.DevToolsPropertyDefaultsPostProcessor : For additional web related logging consider setting the 'logging.level.web' property to 'DEBUG'
2026-07-26T01:13:39.853+06:00  INFO 27112 --- [CartFlow-POS v1.0] [restartedMain] .s.d.r.c.RepositoryConfigurationDelegate : Bootstrapping Spring Data JPA repositories in DEFAULT mode.
2026-07-26T01:13:39.936+06:00  INFO 27112 --- [CartFlow-POS v1.0] [restartedMain] .s.d.r.c.RepositoryConfigurationDelegate : Finished Spring Data repository scanning in 71 ms. Found 2 JPA repository interfaces.
2026-07-26T01:13:40.377+06:00  INFO 27112 --- [CartFlow-POS v1.0] [restartedMain] o.s.boot.tomcat.TomcatWebServer          : Tomcat initialized with port 5782 (http)
2026-07-26T01:13:40.389+06:00  INFO 27112 --- [CartFlow-POS v1.0] [restartedMain] o.apache.catalina.core.StandardService   : Starting service [Tomcat]
2026-07-26T01:13:40.390+06:00  INFO 27112 --- [CartFlow-POS v1.0] [restartedMain] o.apache.catalina.core.StandardEngine    : Starting Servlet engine: [Apache Tomcat/11.0.22]
2026-07-26T01:13:40.434+06:00  INFO 27112 --- [CartFlow-POS v1.0] [restartedMain] b.w.c.s.WebApplicationContextInitializer : Root WebApplicationContext: initialization completed in 1208 ms
2026-07-26T01:13:40.624+06:00  INFO 27112 --- [CartFlow-POS v1.0] [restartedMain] org.hibernate.orm.jpa                    : HHH008540: Processing PersistenceUnitInfo [name: default]
2026-07-26T01:13:40.670+06:00  INFO 27112 --- [CartFlow-POS v1.0] [restartedMain] org.hibernate.orm.core                   : HHH000001: Hibernate ORM core version 7.4.1.Final
2026-07-26T01:13:41.196+06:00  INFO 27112 --- [CartFlow-POS v1.0] [restartedMain] o.s.o.j.p.SpringPersistenceUnitInfo      : No LoadTimeWeaver setup: ignoring JPA class transformer
2026-07-26T01:13:41.227+06:00  INFO 27112 --- [CartFlow-POS v1.0] [restartedMain] com.zaxxer.hikari.HikariDataSource       : HikariPool-1 - Starting...
2026-07-26T01:13:41.646+06:00  INFO 27112 --- [CartFlow-POS v1.0] [restartedMain] com.zaxxer.hikari.pool.HikariPool        : HikariPool-1 - Added connection com.mysql.cj.jdbc.ConnectionImpl@1813975c
2026-07-26T01:13:41.648+06:00  INFO 27112 --- [CartFlow-POS v1.0] [restartedMain] com.zaxxer.hikari.HikariDataSource       : HikariPool-1 - Start completed.
2026-07-26T01:13:41.723+06:00  INFO 27112 --- [CartFlow-POS v1.0] [restartedMain] org.hibernate.orm.connections.pooling    : HHH10001005: Database info:
	Database JDBC URL [jdbc:mysql://localhost:3306/cartflow_pos]
	Database driver: MySQL Connector/J
	Database dialect: MySQLDialect
	Database version: 8.0.46
	Default catalog/schema: cartflow_pos/undefined
	Autocommit mode: undefined/unknown
	Isolation level: REPEATABLE_READ [default REPEATABLE_READ]
	JDBC fetch size: none
	Pool: DataSourceConnectionProvider
	Minimum pool size: undefined/unknown
	Maximum pool size: undefined/unknown
2026-07-26T01:13:42.759+06:00  INFO 27112 --- [CartFlow-POS v1.0] [restartedMain] org.hibernate.orm.core                   : HHH000489: No JTA platform available (set 'hibernate.transaction.jta.platform' to enable JTA platform integration)
2026-07-26T01:13:42.844+06:00  INFO 27112 --- [CartFlow-POS v1.0] [restartedMain] j.LocalContainerEntityManagerFactoryBean : Initialized JPA EntityManagerFactory for persistence unit 'default'
2026-07-26T01:13:42.952+06:00  INFO 27112 --- [CartFlow-POS v1.0] [restartedMain] o.s.d.j.r.query.QueryEnhancerFactories   : Hibernate is in classpath; If applicable, HQL parser will be used.
2026-07-26T01:13:43.159+06:00  WARN 27112 --- [CartFlow-POS v1.0] [restartedMain] JpaBaseConfiguration$JpaWebConfiguration : spring.jpa.open-in-view is enabled by default. Therefore, database queries may be performed during view rendering. Explicitly configure spring.jpa.open-in-view to disable this warning
2026-07-26T01:13:43.697+06:00  INFO 27112 --- [CartFlow-POS v1.0] [restartedMain] o.s.boot.tomcat.TomcatWebServer          : Tomcat started on port 5782 (http) with context path '/'
2026-07-26T01:13:43.707+06:00  INFO 27112 --- [CartFlow-POS v1.0] [restartedMain] c.sparktech.cart_pos_v1_0.Application    : Started Application in 4.931 seconds (process running for 5.672)
2026-07-26T01:17:33.146+06:00  INFO 27112 --- [CartFlow-POS v1.0] [SpringApplicationShutdownHook] o.s.boot.tomcat.GracefulShutdown         : Commencing graceful shutdown. Waiting for active requests to complete
2026-07-26T01:17:33.156+06:00  INFO 27112 --- [CartFlow-POS v1.0] [tomcat-shutdown] o.s.boot.tomcat.GracefulShutdown         : Graceful shutdown complete
2026-07-26T01:17:33.161+06:00  INFO 27112 --- [CartFlow-POS v1.0] [SpringApplicationShutdownHook] j.LocalContainerEntityManagerFactoryBean : Closing JPA EntityManagerFactory for persistence unit 'default'
2026-07-26T01:17:33.165+06:00  INFO 27112 --- [CartFlow-POS v1.0] [SpringApplicationShutdownHook] com.zaxxer.hikari.HikariDataSource       : HikariPool-1 - Shutdown initiated...
2026-07-26T01:17:33.173+06:00  INFO 27112 --- [CartFlow-POS v1.0] [SpringApplicationShutdownHook] com.zaxxer.hikari.HikariDataSource       : HikariPool-1 - Shutdown completed.
2026-07-26T01:17:37.291+06:00  INFO 25820 --- [CartFlow-POS v1.0] [restartedMain] c.sparktech.cart_pos_v1_0.Application    : Starting Application using Java 25.0.3 with PID 25820 (E:\Advance Java Assignment\CartFlow-POS v1.0\target\classes started by LENOVO in E:\Advance Java Assignment\CartFlow-POS v1.0)
2026-07-26T01:17:37.295+06:00  INFO 25820 --- [CartFlow-POS v1.0] [restartedMain] c.sparktech.cart_pos_v1_0.Application    : No active profile set, falling back to 1 default profile: "default"
2026-07-26T01:17:37.344+06:00  INFO 25820 --- [CartFlow-POS v1.0] [restartedMain] .e.DevToolsPropertyDefaultsPostProcessor : Devtools property defaults active! Set 'spring.devtools.add-properties' to 'false' to disable
2026-07-26T01:17:37.344+06:00  INFO 25820 --- [CartFlow-POS v1.0] [restartedMain] .e.DevToolsPropertyDefaultsPostProcessor : For additional web related logging consider setting the 'logging.level.web' property to 'DEBUG'
2026-07-26T01:17:38.185+06:00  INFO 25820 --- [CartFlow-POS v1.0] [restartedMain] .s.d.r.c.RepositoryConfigurationDelegate : Bootstrapping Spring Data JPA repositories in DEFAULT mode.
2026-07-26T01:17:38.248+06:00  INFO 25820 --- [CartFlow-POS v1.0] [restartedMain] .s.d.r.c.RepositoryConfigurationDelegate : Finished Spring Data repository scanning in 55 ms. Found 2 JPA repository interfaces.
2026-07-26T01:17:38.997+06:00  INFO 25820 --- [CartFlow-POS v1.0] [restartedMain] o.s.boot.tomcat.TomcatWebServer          : Tomcat initialized with port 5782 (http)
2026-07-26T01:17:39.020+06:00  INFO 25820 --- [CartFlow-POS v1.0] [restartedMain] o.apache.catalina.core.StandardService   : Starting service [Tomcat]
2026-07-26T01:17:39.021+06:00  INFO 25820 --- [CartFlow-POS v1.0] [restartedMain] o.apache.catalina.core.StandardEngine    : Starting Servlet engine: [Apache Tomcat/11.0.22]
2026-07-26T01:17:39.065+06:00  INFO 25820 --- [CartFlow-POS v1.0] [restartedMain] b.w.c.s.WebApplicationContextInitializer : Root WebApplicationContext: initialization completed in 1721 ms
2026-07-26T01:17:39.324+06:00  INFO 25820 --- [CartFlow-POS v1.0] [restartedMain] org.hibernate.orm.jpa                    : HHH008540: Processing PersistenceUnitInfo [name: default]
2026-07-26T01:17:39.377+06:00  INFO 25820 --- [CartFlow-POS v1.0] [restartedMain] org.hibernate.orm.core                   : HHH000001: Hibernate ORM core version 7.4.1.Final
2026-07-26T01:17:39.898+06:00  INFO 25820 --- [CartFlow-POS v1.0] [restartedMain] o.s.o.j.p.SpringPersistenceUnitInfo      : No LoadTimeWeaver setup: ignoring JPA class transformer
2026-07-26T01:17:39.934+06:00  INFO 25820 --- [CartFlow-POS v1.0] [restartedMain] com.zaxxer.hikari.HikariDataSource       : HikariPool-1 - Starting...
2026-07-26T01:17:40.737+06:00  INFO 25820 --- [CartFlow-POS v1.0] [restartedMain] com.zaxxer.hikari.pool.HikariPool        : HikariPool-1 - Added connection com.mysql.cj.jdbc.ConnectionImpl@2cc6c3f7
2026-07-26T01:17:40.743+06:00  INFO 25820 --- [CartFlow-POS v1.0] [restartedMain] com.zaxxer.hikari.HikariDataSource       : HikariPool-1 - Start completed.
2026-07-26T01:17:41.157+06:00  INFO 25820 --- [CartFlow-POS v1.0] [restartedMain] org.hibernate.orm.connections.pooling    : HHH10001005: Database info:
	Database JDBC URL [jdbc:mysql://localhost:3306/cartflow_pos]
	Database driver: MySQL Connector/J
	Database dialect: MySQLDialect
	Database version: 8.0.46
	Default catalog/schema: cartflow_pos/undefined
	Autocommit mode: undefined/unknown
	Isolation level: REPEATABLE_READ [default REPEATABLE_READ]
	JDBC fetch size: none
	Pool: DataSourceConnectionProvider
	Minimum pool size: undefined/unknown
	Maximum pool size: undefined/unknown
2026-07-26T01:17:43.968+06:00  INFO 25820 --- [CartFlow-POS v1.0] [restartedMain] org.hibernate.orm.core                   : HHH000489: No JTA platform available (set 'hibernate.transaction.jta.platform' to enable JTA platform integration)
2026-07-26T01:17:44.200+06:00  INFO 25820 --- [CartFlow-POS v1.0] [restartedMain] j.LocalContainerEntityManagerFactoryBean : Initialized JPA EntityManagerFactory for persistence unit 'default'
2026-07-26T01:17:44.434+06:00  INFO 25820 --- [CartFlow-POS v1.0] [restartedMain] o.s.d.j.r.query.QueryEnhancerFactories   : Hibernate is in classpath; If applicable, HQL parser will be used.
2026-07-26T01:17:44.801+06:00  WARN 25820 --- [CartFlow-POS v1.0] [restartedMain] JpaBaseConfiguration$JpaWebConfiguration : spring.jpa.open-in-view is enabled by default. Therefore, database queries may be performed during view rendering. Explicitly configure spring.jpa.open-in-view to disable this warning
2026-07-26T01:17:46.680+06:00  INFO 25820 --- [CartFlow-POS v1.0] [restartedMain] o.s.boot.tomcat.TomcatWebServer          : Tomcat started on port 5782 (http) with context path '/'
2026-07-26T01:17:46.692+06:00  INFO 25820 --- [CartFlow-POS v1.0] [restartedMain] c.sparktech.cart_pos_v1_0.Application    : Started Application in 9.813 seconds (process running for 10.502)
2026-07-26T01:17:48.290+06:00  INFO 25820 --- [CartFlow-POS v1.0] [http-nio-0.0.0.0-5782-exec-1] o.a.c.c.C.[Tomcat].[localhost].[/]       : Initializing Spring DispatcherServlet 'dispatcherServlet'
2026-07-26T01:17:48.291+06:00  INFO 25820 --- [CartFlow-POS v1.0] [http-nio-0.0.0.0-5782-exec-1] o.s.web.servlet.DispatcherServlet        : Initializing Servlet 'dispatcherServlet'
2026-07-26T01:17:48.294+06:00  INFO 25820 --- [CartFlow-POS v1.0] [http-nio-0.0.0.0-5782-exec-1] o.s.web.servlet.DispatcherServlet        : Completed initialization in 2 ms
2026-07-26T01:25:10.704+06:00  INFO 25820 --- [CartFlow-POS v1.0] [SpringApplicationShutdownHook] o.s.boot.tomcat.GracefulShutdown         : Commencing graceful shutdown. Waiting for active requests to complete
2026-07-26T01:25:10.718+06:00  INFO 25820 --- [CartFlow-POS v1.0] [tomcat-shutdown] o.s.boot.tomcat.GracefulShutdown         : Graceful shutdown complete
2026-07-26T01:25:10.724+06:00  INFO 25820 --- [CartFlow-POS v1.0] [SpringApplicationShutdownHook] j.LocalContainerEntityManagerFactoryBean : Closing JPA EntityManagerFactory for persistence unit 'default'
2026-07-26T01:25:10.728+06:00  INFO 25820 --- [CartFlow-POS v1.0] [SpringApplicationShutdownHook] com.zaxxer.hikari.HikariDataSource       : HikariPool-1 - Shutdown initiated...
2026-07-26T01:25:10.739+06:00  INFO 25820 --- [CartFlow-POS v1.0] [SpringApplicationShutdownHook] com.zaxxer.hikari.HikariDataSource       : HikariPool-1 - Shutdown completed.
2026-07-26T01:25:12.933+06:00  INFO 12872 --- [CartFlow-POS v1.0] [restartedMain] c.sparktech.cart_pos_v1_0.Application    : Starting Application using Java 25.0.3 with PID 12872 (E:\Advance Java Assignment\CartFlow-POS v1.0\target\classes started by LENOVO in E:\Advance Java Assignment\CartFlow-POS v1.0)
2026-07-26T01:25:12.937+06:00  INFO 12872 --- [CartFlow-POS v1.0] [restartedMain] c.sparktech.cart_pos_v1_0.Application    : No active profile set, falling back to 1 default profile: "default"
2026-07-26T01:25:12.986+06:00  INFO 12872 --- [CartFlow-POS v1.0] [restartedMain] .e.DevToolsPropertyDefaultsPostProcessor : Devtools property defaults active! Set 'spring.devtools.add-properties' to 'false' to disable
2026-07-26T01:25:12.986+06:00  INFO 12872 --- [CartFlow-POS v1.0] [restartedMain] .e.DevToolsPropertyDefaultsPostProcessor : For additional web related logging consider setting the 'logging.level.web' property to 'DEBUG'
2026-07-26T01:25:13.611+06:00  INFO 12872 --- [CartFlow-POS v1.0] [restartedMain] .s.d.r.c.RepositoryConfigurationDelegate : Bootstrapping Spring Data JPA repositories in DEFAULT mode.
2026-07-26T01:25:13.689+06:00  INFO 12872 --- [CartFlow-POS v1.0] [restartedMain] .s.d.r.c.RepositoryConfigurationDelegate : Finished Spring Data repository scanning in 59 ms. Found 2 JPA repository interfaces.
2026-07-26T01:25:14.174+06:00  INFO 12872 --- [CartFlow-POS v1.0] [restartedMain] o.s.boot.tomcat.TomcatWebServer          : Tomcat initialized with port 5782 (http)
2026-07-26T01:25:14.191+06:00  INFO 12872 --- [CartFlow-POS v1.0] [restartedMain] o.apache.catalina.core.StandardService   : Starting service [Tomcat]
2026-07-26T01:25:14.191+06:00  INFO 12872 --- [CartFlow-POS v1.0] [restartedMain] o.apache.catalina.core.StandardEngine    : Starting Servlet engine: [Apache Tomcat/11.0.22]
2026-07-26T01:25:14.262+06:00  INFO 12872 --- [CartFlow-POS v1.0] [restartedMain] b.w.c.s.WebApplicationContextInitializer : Root WebApplicationContext: initialization completed in 1276 ms
2026-07-26T01:25:14.417+06:00  INFO 12872 --- [CartFlow-POS v1.0] [restartedMain] org.hibernate.orm.jpa                    : HHH008540: Processing PersistenceUnitInfo [name: default]
2026-07-26T01:25:14.496+06:00  INFO 12872 --- [CartFlow-POS v1.0] [restartedMain] org.hibernate.orm.core                   : HHH000001: Hibernate ORM core version 7.4.1.Final
2026-07-26T01:25:15.073+06:00  INFO 12872 --- [CartFlow-POS v1.0] [restartedMain] o.s.o.j.p.SpringPersistenceUnitInfo      : No LoadTimeWeaver setup: ignoring JPA class transformer
2026-07-26T01:25:15.116+06:00  INFO 12872 --- [CartFlow-POS v1.0] [restartedMain] com.zaxxer.hikari.HikariDataSource       : HikariPool-1 - Starting...
2026-07-26T01:25:15.689+06:00  INFO 12872 --- [CartFlow-POS v1.0] [restartedMain] com.zaxxer.hikari.pool.HikariPool        : HikariPool-1 - Added connection com.mysql.cj.jdbc.ConnectionImpl@2cc6c3f7
2026-07-26T01:25:15.693+06:00  INFO 12872 --- [CartFlow-POS v1.0] [restartedMain] com.zaxxer.hikari.HikariDataSource       : HikariPool-1 - Start completed.
2026-07-26T01:25:15.814+06:00  INFO 12872 --- [CartFlow-POS v1.0] [restartedMain] org.hibernate.orm.connections.pooling    : HHH10001005: Database info:
	Database JDBC URL [jdbc:mysql://localhost:3306/cartflow_pos]
	Database driver: MySQL Connector/J
	Database dialect: MySQLDialect
	Database version: 8.0.46
	Default catalog/schema: cartflow_pos/undefined
	Autocommit mode: undefined/unknown
	Isolation level: REPEATABLE_READ [default REPEATABLE_READ]
	JDBC fetch size: none
	Pool: DataSourceConnectionProvider
	Minimum pool size: undefined/unknown
	Maximum pool size: undefined/unknown
2026-07-26T01:25:18.021+06:00  INFO 12872 --- [CartFlow-POS v1.0] [restartedMain] org.hibernate.orm.core                   : HHH000489: No JTA platform available (set 'hibernate.transaction.jta.platform' to enable JTA platform integration)
2026-07-26T01:25:18.250+06:00  INFO 12872 --- [CartFlow-POS v1.0] [restartedMain] j.LocalContainerEntityManagerFactoryBean : Initialized JPA EntityManagerFactory for persistence unit 'default'
2026-07-26T01:25:18.525+06:00  INFO 12872 --- [CartFlow-POS v1.0] [restartedMain] o.s.d.j.r.query.QueryEnhancerFactories   : Hibernate is in classpath; If applicable, HQL parser will be used.
2026-07-26T01:25:18.989+06:00  WARN 12872 --- [CartFlow-POS v1.0] [restartedMain] JpaBaseConfiguration$JpaWebConfiguration : spring.jpa.open-in-view is enabled by default. Therefore, database queries may be performed during view rendering. Explicitly configure spring.jpa.open-in-view to disable this warning
2026-07-26T01:25:20.855+06:00  INFO 12872 --- [CartFlow-POS v1.0] [restartedMain] o.s.boot.tomcat.TomcatWebServer          : Tomcat started on port 5782 (http) with context path '/'
2026-07-26T01:25:20.866+06:00  INFO 12872 --- [CartFlow-POS v1.0] [restartedMain] c.sparktech.cart_pos_v1_0.Application    : Started Application in 8.328 seconds (process running for 8.998)
2026-07-26T01:25:21.037+06:00  INFO 12872 --- [CartFlow-POS v1.0] [http-nio-0.0.0.0-5782-exec-2] o.a.c.c.C.[Tomcat].[localhost].[/]       : Initializing Spring DispatcherServlet 'dispatcherServlet'
2026-07-26T01:25:21.038+06:00  INFO 12872 --- [CartFlow-POS v1.0] [http-nio-0.0.0.0-5782-exec-2] o.s.web.servlet.DispatcherServlet        : Initializing Servlet 'dispatcherServlet'
2026-07-26T01:25:21.041+06:00  INFO 12872 --- [CartFlow-POS v1.0] [http-nio-0.0.0.0-5782-exec-2] o.s.web.servlet.DispatcherServlet        : Completed initialization in 2 ms
2026-07-26T01:55:39.140+06:00  WARN 12872 --- [CartFlow-POS v1.0] [HikariPool-1:housekeeper] com.zaxxer.hikari.pool.HikariPool        : HikariPool-1 - Thread starvation or clock leap detected (housekeeper delta=16m53s91ms407µs700ns).
2026-07-26T02:13:11.904+06:00  WARN 12872 --- [CartFlow-POS v1.0] [HikariPool-1:housekeeper] com.zaxxer.hikari.pool.HikariPool        : HikariPool-1 - Thread starvation or clock leap detected (housekeeper delta=8m2s691ms290µs700ns).
2026-07-26T02:14:17.591+06:00  INFO 12872 --- [CartFlow-POS v1.0] [File Watcher] rtingClassPathChangeChangedEventListener : Restarting due to 1 class path change (0 additions, 1 deletion, 0 modifications)
2026-07-26T02:14:17.612+06:00  INFO 12872 --- [CartFlow-POS v1.0] [Thread-1] o.s.boot.tomcat.GracefulShutdown         : Commencing graceful shutdown. Waiting for active requests to complete
2026-07-26T02:14:17.661+06:00  INFO 12872 --- [CartFlow-POS v1.0] [tomcat-shutdown] o.s.boot.tomcat.GracefulShutdown         : Graceful shutdown complete
2026-07-26T02:14:17.692+06:00  INFO 12872 --- [CartFlow-POS v1.0] [Thread-1] j.LocalContainerEntityManagerFactoryBean : Closing JPA EntityManagerFactory for persistence unit 'default'
2026-07-26T02:14:17.728+06:00  INFO 12872 --- [CartFlow-POS v1.0] [Thread-1] com.zaxxer.hikari.HikariDataSource       : HikariPool-1 - Shutdown initiated...
2026-07-26T02:14:17.773+06:00  INFO 12872 --- [CartFlow-POS v1.0] [Thread-1] com.zaxxer.hikari.HikariDataSource       : HikariPool-1 - Shutdown completed.
2026-07-26T02:14:18.225+06:00  INFO 12872 --- [CartFlow-POS v1.0] [restartedMain] c.sparktech.cart_pos_v1_0.Application    : Starting Application using Java 25.0.3 with PID 12872 (E:\Advance Java Assignment\CartFlow-POS v1.0\target\classes started by LENOVO in E:\Advance Java Assignment\CartFlow-POS v1.0)
2026-07-26T02:14:18.226+06:00  INFO 12872 --- [CartFlow-POS v1.0] [restartedMain] c.sparktech.cart_pos_v1_0.Application    : No active profile set, falling back to 1 default profile: "default"
2026-07-26T02:14:19.297+06:00  INFO 12872 --- [CartFlow-POS v1.0] [restartedMain] .s.d.r.c.RepositoryConfigurationDelegate : Bootstrapping Spring Data JPA repositories in DEFAULT mode.
2026-07-26T02:14:19.350+06:00  INFO 12872 --- [CartFlow-POS v1.0] [restartedMain] .s.d.r.c.RepositoryConfigurationDelegate : Finished Spring Data repository scanning in 43 ms. Found 2 JPA repository interfaces.
2026-07-26T02:14:19.887+06:00  INFO 12872 --- [CartFlow-POS v1.0] [restartedMain] o.s.boot.tomcat.TomcatWebServer          : Tomcat initialized with port 5782 (http)
2026-07-26T02:14:19.895+06:00  INFO 12872 --- [CartFlow-POS v1.0] [restartedMain] o.apache.catalina.core.StandardService   : Starting service [Tomcat]
2026-07-26T02:14:19.896+06:00  INFO 12872 --- [CartFlow-POS v1.0] [restartedMain] o.apache.catalina.core.StandardEngine    : Starting Servlet engine: [Apache Tomcat/11.0.22]
2026-07-26T02:14:20.025+06:00  INFO 12872 --- [CartFlow-POS v1.0] [restartedMain] b.w.c.s.WebApplicationContextInitializer : Root WebApplicationContext: initialization completed in 1787 ms
2026-07-26T02:14:20.290+06:00  INFO 12872 --- [CartFlow-POS v1.0] [restartedMain] org.hibernate.orm.jpa                    : HHH008540: Processing PersistenceUnitInfo [name: default]
2026-07-26T02:14:20.481+06:00  INFO 12872 --- [CartFlow-POS v1.0] [restartedMain] o.s.o.j.p.SpringPersistenceUnitInfo      : No LoadTimeWeaver setup: ignoring JPA class transformer
2026-07-26T02:14:20.487+06:00  INFO 12872 --- [CartFlow-POS v1.0] [restartedMain] com.zaxxer.hikari.HikariDataSource       : HikariPool-2 - Starting...
2026-07-26T02:14:20.552+06:00  INFO 12872 --- [CartFlow-POS v1.0] [restartedMain] com.zaxxer.hikari.pool.HikariPool        : HikariPool-2 - Added connection com.mysql.cj.jdbc.ConnectionImpl@3ca09709
2026-07-26T02:14:20.553+06:00  INFO 12872 --- [CartFlow-POS v1.0] [restartedMain] com.zaxxer.hikari.HikariDataSource       : HikariPool-2 - Start completed.
2026-07-26T02:14:20.560+06:00  INFO 12872 --- [CartFlow-POS v1.0] [restartedMain] org.hibernate.orm.connections.pooling    : HHH10001005: Database info:
	Database JDBC URL [jdbc:mysql://localhost:3306/cartflow_pos]
	Database driver: MySQL Connector/J
	Database dialect: MySQLDialect
	Database version: 8.0.46
	Default catalog/schema: cartflow_pos/undefined
	Autocommit mode: undefined/unknown
	Isolation level: REPEATABLE_READ [default REPEATABLE_READ]
	JDBC fetch size: none
	Pool: DataSourceConnectionProvider
	Minimum pool size: undefined/unknown
	Maximum pool size: undefined/unknown
2026-07-26T02:14:20.997+06:00  INFO 12872 --- [CartFlow-POS v1.0] [restartedMain] org.hibernate.orm.core                   : HHH000489: No JTA platform available (set 'hibernate.transaction.jta.platform' to enable JTA platform integration)
2026-07-26T02:14:21.079+06:00  INFO 12872 --- [CartFlow-POS v1.0] [restartedMain] j.LocalContainerEntityManagerFactoryBean : Initialized JPA EntityManagerFactory for persistence unit 'default'
2026-07-26T02:14:21.477+06:00  WARN 12872 --- [CartFlow-POS v1.0] [restartedMain] JpaBaseConfiguration$JpaWebConfiguration : spring.jpa.open-in-view is enabled by default. Therefore, database queries may be performed during view rendering. Explicitly configure spring.jpa.open-in-view to disable this warning
2026-07-26T02:14:22.087+06:00  INFO 12872 --- [CartFlow-POS v1.0] [restartedMain] o.s.boot.tomcat.TomcatWebServer          : Tomcat started on port 5782 (http) with context path '/'
2026-07-26T02:14:22.097+06:00  INFO 12872 --- [CartFlow-POS v1.0] [restartedMain] c.sparktech.cart_pos_v1_0.Application    : Started Application in 4.004 seconds (process running for 2950.228)
2026-07-26T02:14:22.103+06:00  INFO 12872 --- [CartFlow-POS v1.0] [restartedMain] .ConditionEvaluationDeltaLoggingListener : Condition evaluation unchanged
2026-07-26T02:14:22.196+06:00  INFO 12872 --- [CartFlow-POS v1.0] [http-nio-0.0.0.0-5782-exec-1] o.a.c.c.C.[Tomcat].[localhost].[/]       : Initializing Spring DispatcherServlet 'dispatcherServlet'
2026-07-26T02:14:22.198+06:00  INFO 12872 --- [CartFlow-POS v1.0] [http-nio-0.0.0.0-5782-exec-1] o.s.web.servlet.DispatcherServlet        : Initializing Servlet 'dispatcherServlet'
2026-07-26T02:14:22.201+06:00  INFO 12872 --- [CartFlow-POS v1.0] [http-nio-0.0.0.0-5782-exec-1] o.s.web.servlet.DispatcherServlet        : Completed initialization in 3 ms
2026-07-26T02:14:38.817+06:00  INFO 12872 --- [CartFlow-POS v1.0] [File Watcher] rtingClassPathChangeChangedEventListener : Restarting due to 1 class path change (1 addition, 0 deletions, 0 modifications)
2026-07-26T02:14:38.822+06:00  INFO 12872 --- [CartFlow-POS v1.0] [Thread-5] o.s.boot.tomcat.GracefulShutdown         : Commencing graceful shutdown. Waiting for active requests to complete
2026-07-26T02:14:38.852+06:00  INFO 12872 --- [CartFlow-POS v1.0] [tomcat-shutdown] o.s.boot.tomcat.GracefulShutdown         : Graceful shutdown complete
2026-07-26T02:14:38.860+06:00  INFO 12872 --- [CartFlow-POS v1.0] [Thread-5] j.LocalContainerEntityManagerFactoryBean : Closing JPA EntityManagerFactory for persistence unit 'default'
2026-07-26T02:14:38.863+06:00  INFO 12872 --- [CartFlow-POS v1.0] [Thread-5] com.zaxxer.hikari.HikariDataSource       : HikariPool-2 - Shutdown initiated...
2026-07-26T02:14:38.881+06:00  INFO 12872 --- [CartFlow-POS v1.0] [Thread-5] com.zaxxer.hikari.HikariDataSource       : HikariPool-2 - Shutdown completed.
2026-07-26T02:14:39.240+06:00  INFO 12872 --- [CartFlow-POS v1.0] [restartedMain] c.sparktech.cart_pos_v1_0.Application    : Starting Application using Java 25.0.3 with PID 12872 (E:\Advance Java Assignment\CartFlow-POS v1.0\target\classes started by LENOVO in E:\Advance Java Assignment\CartFlow-POS v1.0)
2026-07-26T02:14:39.242+06:00  INFO 12872 --- [CartFlow-POS v1.0] [restartedMain] c.sparktech.cart_pos_v1_0.Application    : No active profile set, falling back to 1 default profile: "default"
2026-07-26T02:14:39.656+06:00  INFO 12872 --- [CartFlow-POS v1.0] [restartedMain] .s.d.r.c.RepositoryConfigurationDelegate : Bootstrapping Spring Data JPA repositories in DEFAULT mode.
2026-07-26T02:14:39.681+06:00  INFO 12872 --- [CartFlow-POS v1.0] [restartedMain] .s.d.r.c.RepositoryConfigurationDelegate : Finished Spring Data repository scanning in 21 ms. Found 2 JPA repository interfaces.
2026-07-26T02:14:39.782+06:00  INFO 12872 --- [CartFlow-POS v1.0] [restartedMain] o.s.boot.tomcat.TomcatWebServer          : Tomcat initialized with port 5782 (http)
2026-07-26T02:14:39.783+06:00  INFO 12872 --- [CartFlow-POS v1.0] [restartedMain] o.apache.catalina.core.StandardService   : Starting service [Tomcat]
2026-07-26T02:14:39.783+06:00  INFO 12872 --- [CartFlow-POS v1.0] [restartedMain] o.apache.catalina.core.StandardEngine    : Starting Servlet engine: [Apache Tomcat/11.0.22]
2026-07-26T02:14:39.803+06:00  INFO 12872 --- [CartFlow-POS v1.0] [restartedMain] b.w.c.s.WebApplicationContextInitializer : Root WebApplicationContext: initialization completed in 556 ms
2026-07-26T02:14:39.866+06:00  INFO 12872 --- [CartFlow-POS v1.0] [restartedMain] org.hibernate.orm.jpa                    : HHH008540: Processing PersistenceUnitInfo [name: default]
2026-07-26T02:14:39.928+06:00  INFO 12872 --- [CartFlow-POS v1.0] [restartedMain] o.s.o.j.p.SpringPersistenceUnitInfo      : No LoadTimeWeaver setup: ignoring JPA class transformer
2026-07-26T02:14:39.930+06:00  INFO 12872 --- [CartFlow-POS v1.0] [restartedMain] com.zaxxer.hikari.HikariDataSource       : HikariPool-3 - Starting...
2026-07-26T02:14:39.968+06:00  INFO 12872 --- [CartFlow-POS v1.0] [restartedMain] com.zaxxer.hikari.pool.HikariPool        : HikariPool-3 - Added connection com.mysql.cj.jdbc.ConnectionImpl@4a91ffed
2026-07-26T02:14:39.969+06:00  INFO 12872 --- [CartFlow-POS v1.0] [restartedMain] com.zaxxer.hikari.HikariDataSource       : HikariPool-3 - Start completed.
2026-07-26T02:14:39.972+06:00  INFO 12872 --- [CartFlow-POS v1.0] [restartedMain] org.hibernate.orm.connections.pooling    : HHH10001005: Database info:
	Database JDBC URL [jdbc:mysql://localhost:3306/cartflow_pos]
	Database driver: MySQL Connector/J
	Database dialect: MySQLDialect
	Database version: 8.0.46
	Default catalog/schema: cartflow_pos/undefined
	Autocommit mode: undefined/unknown
	Isolation level: REPEATABLE_READ [default REPEATABLE_READ]
	JDBC fetch size: none
	Pool: DataSourceConnectionProvider
	Minimum pool size: undefined/unknown
	Maximum pool size: undefined/unknown
2026-07-26T02:14:40.097+06:00  INFO 12872 --- [CartFlow-POS v1.0] [restartedMain] org.hibernate.orm.core                   : HHH000489: No JTA platform available (set 'hibernate.transaction.jta.platform' to enable JTA platform integration)
2026-07-26T02:14:40.131+06:00  INFO 12872 --- [CartFlow-POS v1.0] [restartedMain] j.LocalContainerEntityManagerFactoryBean : Initialized JPA EntityManagerFactory for persistence unit 'default'
2026-07-26T02:14:40.199+06:00  WARN 12872 --- [CartFlow-POS v1.0] [restartedMain] JpaBaseConfiguration$JpaWebConfiguration : spring.jpa.open-in-view is enabled by default. Therefore, database queries may be performed during view rendering. Explicitly configure spring.jpa.open-in-view to disable this warning
2026-07-26T02:14:40.367+06:00  INFO 12872 --- [CartFlow-POS v1.0] [restartedMain] o.s.boot.tomcat.TomcatWebServer          : Tomcat started on port 5782 (http) with context path '/'
2026-07-26T02:14:40.371+06:00  INFO 12872 --- [CartFlow-POS v1.0] [restartedMain] c.sparktech.cart_pos_v1_0.Application    : Started Application in 1.24 seconds (process running for 2968.503)
2026-07-26T02:14:40.374+06:00  INFO 12872 --- [CartFlow-POS v1.0] [restartedMain] .ConditionEvaluationDeltaLoggingListener : Condition evaluation unchanged
2026-07-26T02:22:53.281+06:00  INFO 12872 --- [CartFlow-POS v1.0] [http-nio-0.0.0.0-5782-exec-1] o.a.c.c.C.[Tomcat].[localhost].[/]       : Initializing Spring DispatcherServlet 'dispatcherServlet'
2026-07-26T02:22:53.281+06:00  INFO 12872 --- [CartFlow-POS v1.0] [http-nio-0.0.0.0-5782-exec-1] o.s.web.servlet.DispatcherServlet        : Initializing Servlet 'dispatcherServlet'
2026-07-26T02:22:53.285+06:00  INFO 12872 --- [CartFlow-POS v1.0] [http-nio-0.0.0.0-5782-exec-1] o.s.web.servlet.DispatcherServlet        : Completed initialization in 3 ms
2026-07-26T02:24:27.244+06:00  INFO 12872 --- [CartFlow-POS v1.0] [http-nio-0.0.0.0-5782-exec-5] c.s.c.Controller.ProductController       : Updated product : Product(id=1, name=Spicy Burger, category=Burger, price=120.0, stock=100, date=2026-07-25)
2026-07-26T02:31:04.602+06:00  INFO 12872 --- [CartFlow-POS v1.0] [SpringApplicationShutdownHook] o.s.boot.tomcat.GracefulShutdown         : Commencing graceful shutdown. Waiting for active requests to complete
2026-07-26T02:31:04.611+06:00  INFO 12872 --- [CartFlow-POS v1.0] [tomcat-shutdown] o.s.boot.tomcat.GracefulShutdown         : Graceful shutdown complete
2026-07-26T02:31:04.615+06:00  INFO 12872 --- [CartFlow-POS v1.0] [SpringApplicationShutdownHook] j.LocalContainerEntityManagerFactoryBean : Closing JPA EntityManagerFactory for persistence unit 'default'
2026-07-26T02:31:04.617+06:00  INFO 12872 --- [CartFlow-POS v1.0] [SpringApplicationShutdownHook] com.zaxxer.hikari.HikariDataSource       : HikariPool-3 - Shutdown initiated...
2026-07-26T02:31:04.623+06:00  INFO 12872 --- [CartFlow-POS v1.0] [SpringApplicationShutdownHook] com.zaxxer.hikari.HikariDataSource       : HikariPool-3 - Shutdown completed.
2026-07-26T02:31:10.164+06:00  INFO 26708 --- [CartFlow-POS v1.0] [restartedMain] c.sparktech.cart_pos_v1_0.Application    : Starting Application using Java 25.0.3 with PID 26708 (E:\Advance Java Assignment\CartFlow-POS v1.0\target\classes started by LENOVO in E:\Advance Java Assignment\CartFlow-POS v1.0)
2026-07-26T02:31:10.167+06:00  INFO 26708 --- [CartFlow-POS v1.0] [restartedMain] c.sparktech.cart_pos_v1_0.Application    : No active profile set, falling back to 1 default profile: "default"
2026-07-26T02:31:10.227+06:00  INFO 26708 --- [CartFlow-POS v1.0] [restartedMain] .e.DevToolsPropertyDefaultsPostProcessor : Devtools property defaults active! Set 'spring.devtools.add-properties' to 'false' to disable
2026-07-26T02:31:10.227+06:00  INFO 26708 --- [CartFlow-POS v1.0] [restartedMain] .e.DevToolsPropertyDefaultsPostProcessor : For additional web related logging consider setting the 'logging.level.web' property to 'DEBUG'
2026-07-26T02:31:11.036+06:00  INFO 26708 --- [CartFlow-POS v1.0] [restartedMain] .s.d.r.c.RepositoryConfigurationDelegate : Bootstrapping Spring Data JPA repositories in DEFAULT mode.
2026-07-26T02:31:11.123+06:00  INFO 26708 --- [CartFlow-POS v1.0] [restartedMain] .s.d.r.c.RepositoryConfigurationDelegate : Finished Spring Data repository scanning in 73 ms. Found 2 JPA repository interfaces.
2026-07-26T02:31:11.668+06:00  INFO 26708 --- [CartFlow-POS v1.0] [restartedMain] o.s.boot.tomcat.TomcatWebServer          : Tomcat initialized with port 5782 (http)
2026-07-26T02:31:11.693+06:00  INFO 26708 --- [CartFlow-POS v1.0] [restartedMain] o.apache.catalina.core.StandardService   : Starting service [Tomcat]
2026-07-26T02:31:11.694+06:00  INFO 26708 --- [CartFlow-POS v1.0] [restartedMain] o.apache.catalina.core.StandardEngine    : Starting Servlet engine: [Apache Tomcat/11.0.22]
2026-07-26T02:31:11.764+06:00  INFO 26708 --- [CartFlow-POS v1.0] [restartedMain] b.w.c.s.WebApplicationContextInitializer : Root WebApplicationContext: initialization completed in 1536 ms
2026-07-26T02:31:11.984+06:00  INFO 26708 --- [CartFlow-POS v1.0] [restartedMain] org.hibernate.orm.jpa                    : HHH008540: Processing PersistenceUnitInfo [name: default]
2026-07-26T02:31:12.044+06:00  INFO 26708 --- [CartFlow-POS v1.0] [restartedMain] org.hibernate.orm.core                   : HHH000001: Hibernate ORM core version 7.4.1.Final
2026-07-26T02:31:12.506+06:00  INFO 26708 --- [CartFlow-POS v1.0] [restartedMain] o.s.o.j.p.SpringPersistenceUnitInfo      : No LoadTimeWeaver setup: ignoring JPA class transformer
2026-07-26T02:31:12.545+06:00  INFO 26708 --- [CartFlow-POS v1.0] [restartedMain] com.zaxxer.hikari.HikariDataSource       : HikariPool-1 - Starting...
2026-07-26T02:31:13.001+06:00  INFO 26708 --- [CartFlow-POS v1.0] [restartedMain] com.zaxxer.hikari.pool.HikariPool        : HikariPool-1 - Added connection com.mysql.cj.jdbc.ConnectionImpl@18a5f560
2026-07-26T02:31:13.003+06:00  INFO 26708 --- [CartFlow-POS v1.0] [restartedMain] com.zaxxer.hikari.HikariDataSource       : HikariPool-1 - Start completed.
2026-07-26T02:31:13.128+06:00  INFO 26708 --- [CartFlow-POS v1.0] [restartedMain] org.hibernate.orm.connections.pooling    : HHH10001005: Database info:
	Database JDBC URL [jdbc:mysql://localhost:3306/cartflow_pos]
	Database driver: MySQL Connector/J
	Database dialect: MySQLDialect
	Database version: 8.0.46
	Default catalog/schema: cartflow_pos/undefined
	Autocommit mode: undefined/unknown
	Isolation level: REPEATABLE_READ [default REPEATABLE_READ]
	JDBC fetch size: none
	Pool: DataSourceConnectionProvider
	Minimum pool size: undefined/unknown
	Maximum pool size: undefined/unknown
2026-07-26T02:31:14.385+06:00  INFO 26708 --- [CartFlow-POS v1.0] [restartedMain] org.hibernate.orm.core                   : HHH000489: No JTA platform available (set 'hibernate.transaction.jta.platform' to enable JTA platform integration)
2026-07-26T02:31:14.478+06:00  INFO 26708 --- [CartFlow-POS v1.0] [restartedMain] j.LocalContainerEntityManagerFactoryBean : Initialized JPA EntityManagerFactory for persistence unit 'default'
2026-07-26T02:31:14.583+06:00  INFO 26708 --- [CartFlow-POS v1.0] [restartedMain] o.s.d.j.r.query.QueryEnhancerFactories   : Hibernate is in classpath; If applicable, HQL parser will be used.
2026-07-26T02:31:14.837+06:00  WARN 26708 --- [CartFlow-POS v1.0] [restartedMain] JpaBaseConfiguration$JpaWebConfiguration : spring.jpa.open-in-view is enabled by default. Therefore, database queries may be performed during view rendering. Explicitly configure spring.jpa.open-in-view to disable this warning
2026-07-26T02:31:15.312+06:00  INFO 26708 --- [CartFlow-POS v1.0] [restartedMain] o.s.boot.tomcat.TomcatWebServer          : Tomcat started on port 5782 (http) with context path '/'
2026-07-26T02:31:15.319+06:00  INFO 26708 --- [CartFlow-POS v1.0] [restartedMain] c.sparktech.cart_pos_v1_0.Application    : Started Application in 5.739 seconds (process running for 6.662)
2026-07-26T02:31:29.351+06:00  INFO 26708 --- [CartFlow-POS v1.0] [http-nio-0.0.0.0-5782-exec-1] o.a.c.c.C.[Tomcat].[localhost].[/]       : Initializing Spring DispatcherServlet 'dispatcherServlet'
2026-07-26T02:31:29.355+06:00  INFO 26708 --- [CartFlow-POS v1.0] [http-nio-0.0.0.0-5782-exec-1] o.s.web.servlet.DispatcherServlet        : Initializing Servlet 'dispatcherServlet'
2026-07-26T02:31:29.360+06:00  INFO 26708 --- [CartFlow-POS v1.0] [http-nio-0.0.0.0-5782-exec-1] o.s.web.servlet.DispatcherServlet        : Completed initialization in 3 ms
2026-07-26T02:32:52.160+06:00  INFO 26708 --- [CartFlow-POS v1.0] [http-nio-0.0.0.0-5782-exec-10] c.s.c.Controller.ProductController       : products are added: Product(id=7, name=xcvx, category=Drinks, price=444.0, stock=5, date=2026-07-25)
2026-07-26T02:33:03.798+06:00  INFO 26708 --- [CartFlow-POS v1.0] [http-nio-0.0.0.0-5782-exec-3] c.s.c.Controller.ProductController       : Deleted product with id: 7
2026-07-26T03:00:31.329+06:00  WARN 26708 --- [CartFlow-POS v1.0] [HikariPool-1:housekeeper] com.zaxxer.hikari.pool.HikariPool        : HikariPool-1 - Thread starvation or clock leap detected (housekeeper delta=10m18s111ms881µs300ns).
2026-07-26T03:22:38.109+06:00  WARN 26708 --- [CartFlow-POS v1.0] [HikariPool-1:housekeeper] com.zaxxer.hikari.pool.HikariPool        : HikariPool-1 - Thread starvation or clock leap detected (housekeeper delta=19m6s774ms571µs300ns).
2026-07-26T03:58:11.071+06:00  WARN 26708 --- [CartFlow-POS v1.0] [HikariPool-1:housekeeper] com.zaxxer.hikari.pool.HikariPool        : HikariPool-1 - Thread starvation or clock leap detected (housekeeper delta=23m32s938ms630µs500ns).
2026-07-26T04:06:23.751+06:00  WARN 26708 --- [CartFlow-POS v1.0] [HikariPool-1:housekeeper] com.zaxxer.hikari.pool.HikariPool        : HikariPool-1 - Thread starvation or clock leap detected (housekeeper delta=5m12s673ms442µs800ns).
2026-07-26T04:34:43.669+06:00  INFO 26708 --- [CartFlow-POS v1.0] [SpringApplicationShutdownHook] o.s.boot.tomcat.GracefulShutdown         : Commencing graceful shutdown. Waiting for active requests to complete
2026-07-26T04:34:43.683+06:00  INFO 26708 --- [CartFlow-POS v1.0] [tomcat-shutdown] o.s.boot.tomcat.GracefulShutdown         : Graceful shutdown complete
2026-07-26T04:34:43.692+06:00  INFO 26708 --- [CartFlow-POS v1.0] [SpringApplicationShutdownHook] j.LocalContainerEntityManagerFactoryBean : Closing JPA EntityManagerFactory for persistence unit 'default'
2026-07-26T04:34:43.702+06:00  INFO 26708 --- [CartFlow-POS v1.0] [SpringApplicationShutdownHook] com.zaxxer.hikari.HikariDataSource       : HikariPool-1 - Shutdown initiated...
2026-07-26T04:34:43.711+06:00  INFO 26708 --- [CartFlow-POS v1.0] [SpringApplicationShutdownHook] com.zaxxer.hikari.HikariDataSource       : HikariPool-1 - Shutdown completed.
2026-07-26T04:34:46.782+06:00  INFO 19340 --- [CartFlow-POS v1.0] [restartedMain] c.sparktech.cart_pos_v1_0.Application    : Starting Application using Java 25.0.3 with PID 19340 (E:\Advance Java Assignment\CartFlow-POS v1.0\target\classes started by LENOVO in E:\Advance Java Assignment\CartFlow-POS v1.0)
2026-07-26T04:34:46.786+06:00  INFO 19340 --- [CartFlow-POS v1.0] [restartedMain] c.sparktech.cart_pos_v1_0.Application    : No active profile set, falling back to 1 default profile: "default"
2026-07-26T04:34:46.848+06:00  INFO 19340 --- [CartFlow-POS v1.0] [restartedMain] .e.DevToolsPropertyDefaultsPostProcessor : Devtools property defaults active! Set 'spring.devtools.add-properties' to 'false' to disable
2026-07-26T04:34:46.849+06:00  INFO 19340 --- [CartFlow-POS v1.0] [restartedMain] .e.DevToolsPropertyDefaultsPostProcessor : For additional web related logging consider setting the 'logging.level.web' property to 'DEBUG'
2026-07-26T04:34:47.648+06:00  INFO 19340 --- [CartFlow-POS v1.0] [restartedMain] .s.d.r.c.RepositoryConfigurationDelegate : Bootstrapping Spring Data JPA repositories in DEFAULT mode.
2026-07-26T04:34:47.726+06:00  INFO 19340 --- [CartFlow-POS v1.0] [restartedMain] .s.d.r.c.RepositoryConfigurationDelegate : Finished Spring Data repository scanning in 62 ms. Found 2 JPA repository interfaces.
2026-07-26T04:34:48.303+06:00  INFO 19340 --- [CartFlow-POS v1.0] [restartedMain] o.s.boot.tomcat.TomcatWebServer          : Tomcat initialized with port 5782 (http)
2026-07-26T04:34:48.317+06:00  INFO 19340 --- [CartFlow-POS v1.0] [restartedMain] o.apache.catalina.core.StandardService   : Starting service [Tomcat]
2026-07-26T04:34:48.317+06:00  INFO 19340 --- [CartFlow-POS v1.0] [restartedMain] o.apache.catalina.core.StandardEngine    : Starting Servlet engine: [Apache Tomcat/11.0.22]
2026-07-26T04:34:48.387+06:00  INFO 19340 --- [CartFlow-POS v1.0] [restartedMain] b.w.c.s.WebApplicationContextInitializer : Root WebApplicationContext: initialization completed in 1537 ms
2026-07-26T04:34:48.595+06:00  INFO 19340 --- [CartFlow-POS v1.0] [restartedMain] org.hibernate.orm.jpa                    : HHH008540: Processing PersistenceUnitInfo [name: default]
2026-07-26T04:34:48.667+06:00  INFO 19340 --- [CartFlow-POS v1.0] [restartedMain] org.hibernate.orm.core                   : HHH000001: Hibernate ORM core version 7.4.1.Final
2026-07-26T04:34:49.160+06:00  INFO 19340 --- [CartFlow-POS v1.0] [restartedMain] o.s.o.j.p.SpringPersistenceUnitInfo      : No LoadTimeWeaver setup: ignoring JPA class transformer
2026-07-26T04:34:49.200+06:00  INFO 19340 --- [CartFlow-POS v1.0] [restartedMain] com.zaxxer.hikari.HikariDataSource       : HikariPool-1 - Starting...
2026-07-26T04:34:49.596+06:00  INFO 19340 --- [CartFlow-POS v1.0] [restartedMain] com.zaxxer.hikari.pool.HikariPool        : HikariPool-1 - Added connection com.mysql.cj.jdbc.ConnectionImpl@18a5f560
2026-07-26T04:34:49.598+06:00  INFO 19340 --- [CartFlow-POS v1.0] [restartedMain] com.zaxxer.hikari.HikariDataSource       : HikariPool-1 - Start completed.
2026-07-26T04:34:49.698+06:00  INFO 19340 --- [CartFlow-POS v1.0] [restartedMain] org.hibernate.orm.connections.pooling    : HHH10001005: Database info:
	Database JDBC URL [jdbc:mysql://localhost:3306/cartflow_pos]
	Database driver: MySQL Connector/J
	Database dialect: MySQLDialect
	Database version: 8.0.46
	Default catalog/schema: cartflow_pos/undefined
	Autocommit mode: undefined/unknown
	Isolation level: REPEATABLE_READ [default REPEATABLE_READ]
	JDBC fetch size: none
	Pool: DataSourceConnectionProvider
	Minimum pool size: undefined/unknown
	Maximum pool size: undefined/unknown
2026-07-26T04:34:50.883+06:00  INFO 19340 --- [CartFlow-POS v1.0] [restartedMain] org.hibernate.orm.core                   : HHH000489: No JTA platform available (set 'hibernate.transaction.jta.platform' to enable JTA platform integration)
2026-07-26T04:34:50.972+06:00  INFO 19340 --- [CartFlow-POS v1.0] [restartedMain] j.LocalContainerEntityManagerFactoryBean : Initialized JPA EntityManagerFactory for persistence unit 'default'
2026-07-26T04:34:51.070+06:00  INFO 19340 --- [CartFlow-POS v1.0] [restartedMain] o.s.d.j.r.query.QueryEnhancerFactories   : Hibernate is in classpath; If applicable, HQL parser will be used.
2026-07-26T04:34:51.230+06:00  WARN 19340 --- [CartFlow-POS v1.0] [restartedMain] JpaBaseConfiguration$JpaWebConfiguration : spring.jpa.open-in-view is enabled by default. Therefore, database queries may be performed during view rendering. Explicitly configure spring.jpa.open-in-view to disable this warning
2026-07-26T04:34:51.710+06:00  INFO 19340 --- [CartFlow-POS v1.0] [restartedMain] o.s.boot.tomcat.TomcatWebServer          : Tomcat started on port 5782 (http) with context path '/'
2026-07-26T04:34:51.715+06:00  INFO 19340 --- [CartFlow-POS v1.0] [restartedMain] c.sparktech.cart_pos_v1_0.Application    : Started Application in 5.496 seconds (process running for 6.488)
2026-07-26T04:35:08.766+06:00  INFO 19340 --- [CartFlow-POS v1.0] [http-nio-0.0.0.0-5782-exec-1] o.a.c.c.C.[Tomcat].[localhost].[/]       : Initializing Spring DispatcherServlet 'dispatcherServlet'
2026-07-26T04:35:08.769+06:00  INFO 19340 --- [CartFlow-POS v1.0] [http-nio-0.0.0.0-5782-exec-1] o.s.web.servlet.DispatcherServlet        : Initializing Servlet 'dispatcherServlet'
2026-07-26T04:35:08.774+06:00  INFO 19340 --- [CartFlow-POS v1.0] [http-nio-0.0.0.0-5782-exec-1] o.s.web.servlet.DispatcherServlet        : Completed initialization in 4 ms
2026-07-26T04:40:32.072+06:00  INFO 19340 --- [CartFlow-POS v1.0] [SpringApplicationShutdownHook] o.s.boot.tomcat.GracefulShutdown         : Commencing graceful shutdown. Waiting for active requests to complete
2026-07-26T04:40:32.092+06:00  INFO 19340 --- [CartFlow-POS v1.0] [tomcat-shutdown] o.s.boot.tomcat.GracefulShutdown         : Graceful shutdown complete
2026-07-26T04:40:32.102+06:00  INFO 19340 --- [CartFlow-POS v1.0] [SpringApplicationShutdownHook] j.LocalContainerEntityManagerFactoryBean : Closing JPA EntityManagerFactory for persistence unit 'default'
2026-07-26T04:40:32.108+06:00  INFO 19340 --- [CartFlow-POS v1.0] [SpringApplicationShutdownHook] com.zaxxer.hikari.HikariDataSource       : HikariPool-1 - Shutdown initiated...
2026-07-26T04:40:32.122+06:00  INFO 19340 --- [CartFlow-POS v1.0] [SpringApplicationShutdownHook] com.zaxxer.hikari.HikariDataSource       : HikariPool-1 - Shutdown completed.
2026-07-26T04:40:36.049+06:00  INFO 26212 --- [CartFlow-POS v1.0] [restartedMain] c.sparktech.cart_pos_v1_0.Application    : Starting Application using Java 25.0.3 with PID 26212 (E:\Advance Java Assignment\CartFlow-POS v1.0\target\classes started by LENOVO in E:\Advance Java Assignment\CartFlow-POS v1.0)
2026-07-26T04:40:36.052+06:00  INFO 26212 --- [CartFlow-POS v1.0] [restartedMain] c.sparktech.cart_pos_v1_0.Application    : No active profile set, falling back to 1 default profile: "default"
2026-07-26T04:40:36.119+06:00  INFO 26212 --- [CartFlow-POS v1.0] [restartedMain] .e.DevToolsPropertyDefaultsPostProcessor : Devtools property defaults active! Set 'spring.devtools.add-properties' to 'false' to disable
2026-07-26T04:40:36.119+06:00  INFO 26212 --- [CartFlow-POS v1.0] [restartedMain] .e.DevToolsPropertyDefaultsPostProcessor : For additional web related logging consider setting the 'logging.level.web' property to 'DEBUG'
2026-07-26T04:40:37.181+06:00  INFO 26212 --- [CartFlow-POS v1.0] [restartedMain] .s.d.r.c.RepositoryConfigurationDelegate : Bootstrapping Spring Data JPA repositories in DEFAULT mode.
2026-07-26T04:40:37.249+06:00  INFO 26212 --- [CartFlow-POS v1.0] [restartedMain] .s.d.r.c.RepositoryConfigurationDelegate : Finished Spring Data repository scanning in 57 ms. Found 2 JPA repository interfaces.
2026-07-26T04:40:37.937+06:00  INFO 26212 --- [CartFlow-POS v1.0] [restartedMain] o.s.boot.tomcat.TomcatWebServer          : Tomcat initialized with port 5782 (http)
2026-07-26T04:40:37.954+06:00  INFO 26212 --- [CartFlow-POS v1.0] [restartedMain] o.apache.catalina.core.StandardService   : Starting service [Tomcat]
2026-07-26T04:40:37.954+06:00  INFO 26212 --- [CartFlow-POS v1.0] [restartedMain] o.apache.catalina.core.StandardEngine    : Starting Servlet engine: [Apache Tomcat/11.0.22]
2026-07-26T04:40:38.037+06:00  INFO 26212 --- [CartFlow-POS v1.0] [restartedMain] b.w.c.s.WebApplicationContextInitializer : Root WebApplicationContext: initialization completed in 1917 ms
2026-07-26T04:40:38.261+06:00  INFO 26212 --- [CartFlow-POS v1.0] [restartedMain] org.hibernate.orm.jpa                    : HHH008540: Processing PersistenceUnitInfo [name: default]
2026-07-26T04:40:38.341+06:00  INFO 26212 --- [CartFlow-POS v1.0] [restartedMain] org.hibernate.orm.core                   : HHH000001: Hibernate ORM core version 7.4.1.Final
2026-07-26T04:40:38.950+06:00  INFO 26212 --- [CartFlow-POS v1.0] [restartedMain] o.s.o.j.p.SpringPersistenceUnitInfo      : No LoadTimeWeaver setup: ignoring JPA class transformer
2026-07-26T04:40:38.992+06:00  INFO 26212 --- [CartFlow-POS v1.0] [restartedMain] com.zaxxer.hikari.HikariDataSource       : HikariPool-1 - Starting...
2026-07-26T04:40:39.512+06:00  INFO 26212 --- [CartFlow-POS v1.0] [restartedMain] com.zaxxer.hikari.pool.HikariPool        : HikariPool-1 - Added connection com.mysql.cj.jdbc.ConnectionImpl@2d72281f
2026-07-26T04:40:39.516+06:00  INFO 26212 --- [CartFlow-POS v1.0] [restartedMain] com.zaxxer.hikari.HikariDataSource       : HikariPool-1 - Start completed.
2026-07-26T04:40:39.627+06:00  INFO 26212 --- [CartFlow-POS v1.0] [restartedMain] org.hibernate.orm.connections.pooling    : HHH10001005: Database info:
	Database JDBC URL [jdbc:mysql://localhost:3306/cartflow_pos]
	Database driver: MySQL Connector/J
	Database dialect: MySQLDialect
	Database version: 8.0.46
	Default catalog/schema: cartflow_pos/undefined
	Autocommit mode: undefined/unknown
	Isolation level: REPEATABLE_READ [default REPEATABLE_READ]
	JDBC fetch size: none
	Pool: DataSourceConnectionProvider
	Minimum pool size: undefined/unknown
	Maximum pool size: undefined/unknown
2026-07-26T04:40:41.880+06:00  INFO 26212 --- [CartFlow-POS v1.0] [restartedMain] org.hibernate.orm.core                   : HHH000489: No JTA platform available (set 'hibernate.transaction.jta.platform' to enable JTA platform integration)
2026-07-26T04:40:42.082+06:00  INFO 26212 --- [CartFlow-POS v1.0] [restartedMain] j.LocalContainerEntityManagerFactoryBean : Initialized JPA EntityManagerFactory for persistence unit 'default'
2026-07-26T04:40:42.403+06:00  INFO 26212 --- [CartFlow-POS v1.0] [restartedMain] o.s.d.j.r.query.QueryEnhancerFactories   : Hibernate is in classpath; If applicable, HQL parser will be used.
2026-07-26T04:40:43.182+06:00  WARN 26212 --- [CartFlow-POS v1.0] [restartedMain] JpaBaseConfiguration$JpaWebConfiguration : spring.jpa.open-in-view is enabled by default. Therefore, database queries may be performed during view rendering. Explicitly configure spring.jpa.open-in-view to disable this warning
2026-07-26T04:40:45.150+06:00  INFO 26212 --- [CartFlow-POS v1.0] [restartedMain] o.s.boot.tomcat.TomcatWebServer          : Tomcat started on port 5782 (http) with context path '/'
2026-07-26T04:40:45.171+06:00  INFO 26212 --- [CartFlow-POS v1.0] [restartedMain] c.sparktech.cart_pos_v1_0.Application    : Started Application in 9.76 seconds (process running for 10.927)
2026-07-26T04:40:50.727+06:00  INFO 26212 --- [CartFlow-POS v1.0] [http-nio-0.0.0.0-5782-exec-1] o.a.c.c.C.[Tomcat].[localhost].[/]       : Initializing Spring DispatcherServlet 'dispatcherServlet'
2026-07-26T04:40:50.728+06:00  INFO 26212 --- [CartFlow-POS v1.0] [http-nio-0.0.0.0-5782-exec-1] o.s.web.servlet.DispatcherServlet        : Initializing Servlet 'dispatcherServlet'
2026-07-26T04:40:50.737+06:00  INFO 26212 --- [CartFlow-POS v1.0] [http-nio-0.0.0.0-5782-exec-1] o.s.web.servlet.DispatcherServlet        : Completed initialization in 7 ms
2026-07-26T04:54:50.663+06:00  INFO 26212 --- [CartFlow-POS v1.0] [File Watcher] rtingClassPathChangeChangedEventListener : Restarting due to 1 class path change (0 additions, 1 deletion, 0 modifications)
2026-07-26T04:54:50.681+06:00  INFO 26212 --- [CartFlow-POS v1.0] [Thread-1] o.s.boot.tomcat.GracefulShutdown         : Commencing graceful shutdown. Waiting for active requests to complete
2026-07-26T04:54:50.722+06:00  INFO 26212 --- [CartFlow-POS v1.0] [tomcat-shutdown] o.s.boot.tomcat.GracefulShutdown         : Graceful shutdown complete
2026-07-26T04:54:50.757+06:00  INFO 26212 --- [CartFlow-POS v1.0] [Thread-1] j.LocalContainerEntityManagerFactoryBean : Closing JPA EntityManagerFactory for persistence unit 'default'
2026-07-26T04:54:50.776+06:00  INFO 26212 --- [CartFlow-POS v1.0] [Thread-1] com.zaxxer.hikari.HikariDataSource       : HikariPool-1 - Shutdown initiated...
2026-07-26T04:54:50.834+06:00  INFO 26212 --- [CartFlow-POS v1.0] [Thread-1] com.zaxxer.hikari.HikariDataSource       : HikariPool-1 - Shutdown completed.
2026-07-26T04:54:51.048+06:00  INFO 26212 --- [CartFlow-POS v1.0] [restartedMain] c.sparktech.cart_pos_v1_0.Application    : Starting Application using Java 25.0.3 with PID 26212 (E:\Advance Java Assignment\CartFlow-POS v1.0\target\classes started by LENOVO in E:\Advance Java Assignment\CartFlow-POS v1.0)
2026-07-26T04:54:51.049+06:00  INFO 26212 --- [CartFlow-POS v1.0] [restartedMain] c.sparktech.cart_pos_v1_0.Application    : No active profile set, falling back to 1 default profile: "default"
2026-07-26T04:54:51.742+06:00  INFO 26212 --- [CartFlow-POS v1.0] [restartedMain] .s.d.r.c.RepositoryConfigurationDelegate : Bootstrapping Spring Data JPA repositories in DEFAULT mode.
2026-07-26T04:54:51.787+06:00  INFO 26212 --- [CartFlow-POS v1.0] [restartedMain] .s.d.r.c.RepositoryConfigurationDelegate : Finished Spring Data repository scanning in 33 ms. Found 2 JPA repository interfaces.
2026-07-26T04:54:52.110+06:00  INFO 26212 --- [CartFlow-POS v1.0] [restartedMain] o.s.boot.tomcat.TomcatWebServer          : Tomcat initialized with port 5782 (http)
2026-07-26T04:54:52.115+06:00  INFO 26212 --- [CartFlow-POS v1.0] [restartedMain] o.apache.catalina.core.StandardService   : Starting service [Tomcat]
2026-07-26T04:54:52.115+06:00  INFO 26212 --- [CartFlow-POS v1.0] [restartedMain] o.apache.catalina.core.StandardEngine    : Starting Servlet engine: [Apache Tomcat/11.0.22]
2026-07-26T04:54:52.203+06:00  INFO 26212 --- [CartFlow-POS v1.0] [restartedMain] b.w.c.s.WebApplicationContextInitializer : Root WebApplicationContext: initialization completed in 1129 ms
2026-07-26T04:54:52.341+06:00  INFO 26212 --- [CartFlow-POS v1.0] [restartedMain] org.hibernate.orm.jpa                    : HHH008540: Processing PersistenceUnitInfo [name: default]
2026-07-26T04:54:52.418+06:00  INFO 26212 --- [CartFlow-POS v1.0] [restartedMain] o.s.o.j.p.SpringPersistenceUnitInfo      : No LoadTimeWeaver setup: ignoring JPA class transformer
2026-07-26T04:54:52.421+06:00  INFO 26212 --- [CartFlow-POS v1.0] [restartedMain] com.zaxxer.hikari.HikariDataSource       : HikariPool-2 - Starting...
2026-07-26T04:54:52.470+06:00  INFO 26212 --- [CartFlow-POS v1.0] [restartedMain] com.zaxxer.hikari.pool.HikariPool        : HikariPool-2 - Added connection com.mysql.cj.jdbc.ConnectionImpl@2341e3f6
2026-07-26T04:54:52.472+06:00  INFO 26212 --- [CartFlow-POS v1.0] [restartedMain] com.zaxxer.hikari.HikariDataSource       : HikariPool-2 - Start completed.
2026-07-26T04:54:52.476+06:00  INFO 26212 --- [CartFlow-POS v1.0] [restartedMain] org.hibernate.orm.connections.pooling    : HHH10001005: Database info:
	Database JDBC URL [jdbc:mysql://localhost:3306/cartflow_pos]
	Database driver: MySQL Connector/J
	Database dialect: MySQLDialect
	Database version: 8.0.46
	Default catalog/schema: cartflow_pos/undefined
	Autocommit mode: undefined/unknown
	Isolation level: REPEATABLE_READ [default REPEATABLE_READ]
	JDBC fetch size: none
	Pool: DataSourceConnectionProvider
	Minimum pool size: undefined/unknown
	Maximum pool size: undefined/unknown
2026-07-26T04:54:52.793+06:00  INFO 26212 --- [CartFlow-POS v1.0] [restartedMain] org.hibernate.orm.core                   : HHH000489: No JTA platform available (set 'hibernate.transaction.jta.platform' to enable JTA platform integration)
2026-07-26T04:54:52.860+06:00  INFO 26212 --- [CartFlow-POS v1.0] [restartedMain] j.LocalContainerEntityManagerFactoryBean : Initialized JPA EntityManagerFactory for persistence unit 'default'
2026-07-26T04:54:53.166+06:00  WARN 26212 --- [CartFlow-POS v1.0] [restartedMain] JpaBaseConfiguration$JpaWebConfiguration : spring.jpa.open-in-view is enabled by default. Therefore, database queries may be performed during view rendering. Explicitly configure spring.jpa.open-in-view to disable this warning
2026-07-26T04:54:53.589+06:00  INFO 26212 --- [CartFlow-POS v1.0] [restartedMain] o.s.boot.tomcat.TomcatWebServer          : Tomcat started on port 5782 (http) with context path '/'
2026-07-26T04:54:53.598+06:00  INFO 26212 --- [CartFlow-POS v1.0] [restartedMain] c.sparktech.cart_pos_v1_0.Application    : Started Application in 2.621 seconds (process running for 859.353)
2026-07-26T04:54:53.604+06:00  INFO 26212 --- [CartFlow-POS v1.0] [restartedMain] .ConditionEvaluationDeltaLoggingListener : Condition evaluation unchanged
2026-07-26T04:56:14.166+06:00  INFO 26212 --- [CartFlow-POS v1.0] [SpringApplicationShutdownHook] o.s.boot.tomcat.GracefulShutdown         : Commencing graceful shutdown. Waiting for active requests to complete
2026-07-26T04:56:14.176+06:00  INFO 26212 --- [CartFlow-POS v1.0] [tomcat-shutdown] o.s.boot.tomcat.GracefulShutdown         : Graceful shutdown complete
2026-07-26T04:56:14.179+06:00  INFO 26212 --- [CartFlow-POS v1.0] [SpringApplicationShutdownHook] j.LocalContainerEntityManagerFactoryBean : Closing JPA EntityManagerFactory for persistence unit 'default'
2026-07-26T04:56:14.180+06:00  INFO 26212 --- [CartFlow-POS v1.0] [SpringApplicationShutdownHook] com.zaxxer.hikari.HikariDataSource       : HikariPool-2 - Shutdown initiated...
2026-07-26T04:56:14.185+06:00  INFO 26212 --- [CartFlow-POS v1.0] [SpringApplicationShutdownHook] com.zaxxer.hikari.HikariDataSource       : HikariPool-2 - Shutdown completed.
2026-07-26T04:56:18.438+06:00  INFO 10112 --- [CartFlow-POS v1.0] [restartedMain] c.sparktech.cart_pos_v1_0.Application    : Starting Application using Java 25.0.3 with PID 10112 (E:\Advance Java Assignment\CartFlow-POS v1.0\target\classes started by LENOVO in E:\Advance Java Assignment\CartFlow-POS v1.0)
2026-07-26T04:56:18.440+06:00  INFO 10112 --- [CartFlow-POS v1.0] [restartedMain] c.sparktech.cart_pos_v1_0.Application    : No active profile set, falling back to 1 default profile: "default"
2026-07-26T04:56:18.490+06:00  INFO 10112 --- [CartFlow-POS v1.0] [restartedMain] .e.DevToolsPropertyDefaultsPostProcessor : Devtools property defaults active! Set 'spring.devtools.add-properties' to 'false' to disable
2026-07-26T04:56:18.491+06:00  INFO 10112 --- [CartFlow-POS v1.0] [restartedMain] .e.DevToolsPropertyDefaultsPostProcessor : For additional web related logging consider setting the 'logging.level.web' property to 'DEBUG'
2026-07-26T04:56:19.205+06:00  INFO 10112 --- [CartFlow-POS v1.0] [restartedMain] .s.d.r.c.RepositoryConfigurationDelegate : Bootstrapping Spring Data JPA repositories in DEFAULT mode.
2026-07-26T04:56:19.271+06:00  INFO 10112 --- [CartFlow-POS v1.0] [restartedMain] .s.d.r.c.RepositoryConfigurationDelegate : Finished Spring Data repository scanning in 55 ms. Found 2 JPA repository interfaces.
2026-07-26T04:56:19.783+06:00  INFO 10112 --- [CartFlow-POS v1.0] [restartedMain] o.s.boot.tomcat.TomcatWebServer          : Tomcat initialized with port 5782 (http)
2026-07-26T04:56:19.794+06:00  INFO 10112 --- [CartFlow-POS v1.0] [restartedMain] o.apache.catalina.core.StandardService   : Starting service [Tomcat]
2026-07-26T04:56:19.795+06:00  INFO 10112 --- [CartFlow-POS v1.0] [restartedMain] o.apache.catalina.core.StandardEngine    : Starting Servlet engine: [Apache Tomcat/11.0.22]
2026-07-26T04:56:19.837+06:00  INFO 10112 --- [CartFlow-POS v1.0] [restartedMain] b.w.c.s.WebApplicationContextInitializer : Root WebApplicationContext: initialization completed in 1345 ms
2026-07-26T04:56:20.063+06:00  INFO 10112 --- [CartFlow-POS v1.0] [restartedMain] org.hibernate.orm.jpa                    : HHH008540: Processing PersistenceUnitInfo [name: default]
2026-07-26T04:56:20.110+06:00  INFO 10112 --- [CartFlow-POS v1.0] [restartedMain] org.hibernate.orm.core                   : HHH000001: Hibernate ORM core version 7.4.1.Final
2026-07-26T04:56:20.548+06:00  INFO 10112 --- [CartFlow-POS v1.0] [restartedMain] o.s.o.j.p.SpringPersistenceUnitInfo      : No LoadTimeWeaver setup: ignoring JPA class transformer
2026-07-26T04:56:20.586+06:00  INFO 10112 --- [CartFlow-POS v1.0] [restartedMain] com.zaxxer.hikari.HikariDataSource       : HikariPool-1 - Starting...
2026-07-26T04:56:21.111+06:00  INFO 10112 --- [CartFlow-POS v1.0] [restartedMain] com.zaxxer.hikari.pool.HikariPool        : HikariPool-1 - Added connection com.mysql.cj.jdbc.ConnectionImpl@7f262b3c
2026-07-26T04:56:21.115+06:00  INFO 10112 --- [CartFlow-POS v1.0] [restartedMain] com.zaxxer.hikari.HikariDataSource       : HikariPool-1 - Start completed.
2026-07-26T04:56:21.285+06:00  INFO 10112 --- [CartFlow-POS v1.0] [restartedMain] org.hibernate.orm.connections.pooling    : HHH10001005: Database info:
	Database JDBC URL [jdbc:mysql://localhost:3306/cartflow_pos]
	Database driver: MySQL Connector/J
	Database dialect: MySQLDialect
	Database version: 8.0.46
	Default catalog/schema: cartflow_pos/undefined
	Autocommit mode: undefined/unknown
	Isolation level: REPEATABLE_READ [default REPEATABLE_READ]
	JDBC fetch size: none
	Pool: DataSourceConnectionProvider
	Minimum pool size: undefined/unknown
	Maximum pool size: undefined/unknown
2026-07-26T04:56:22.339+06:00  INFO 10112 --- [CartFlow-POS v1.0] [restartedMain] org.hibernate.orm.core                   : HHH000489: No JTA platform available (set 'hibernate.transaction.jta.platform' to enable JTA platform integration)
2026-07-26T04:56:22.441+06:00  INFO 10112 --- [CartFlow-POS v1.0] [restartedMain] j.LocalContainerEntityManagerFactoryBean : Initialized JPA EntityManagerFactory for persistence unit 'default'
2026-07-26T04:56:22.583+06:00  INFO 10112 --- [CartFlow-POS v1.0] [restartedMain] o.s.d.j.r.query.QueryEnhancerFactories   : Hibernate is in classpath; If applicable, HQL parser will be used.
2026-07-26T04:56:22.854+06:00  WARN 10112 --- [CartFlow-POS v1.0] [restartedMain] JpaBaseConfiguration$JpaWebConfiguration : spring.jpa.open-in-view is enabled by default. Therefore, database queries may be performed during view rendering. Explicitly configure spring.jpa.open-in-view to disable this warning
2026-07-26T04:56:23.429+06:00  INFO 10112 --- [CartFlow-POS v1.0] [restartedMain] o.s.boot.tomcat.TomcatWebServer          : Tomcat started on port 5782 (http) with context path '/'
2026-07-26T04:56:23.442+06:00  INFO 10112 --- [CartFlow-POS v1.0] [restartedMain] c.sparktech.cart_pos_v1_0.Application    : Started Application in 5.408 seconds (process running for 6.122)
2026-07-26T04:56:27.982+06:00  INFO 10112 --- [CartFlow-POS v1.0] [http-nio-0.0.0.0-5782-exec-1] o.a.c.c.C.[Tomcat].[localhost].[/]       : Initializing Spring DispatcherServlet 'dispatcherServlet'
2026-07-26T04:56:27.982+06:00  INFO 10112 --- [CartFlow-POS v1.0] [http-nio-0.0.0.0-5782-exec-1] o.s.web.servlet.DispatcherServlet        : Initializing Servlet 'dispatcherServlet'
2026-07-26T04:56:27.985+06:00  INFO 10112 --- [CartFlow-POS v1.0] [http-nio-0.0.0.0-5782-exec-1] o.s.web.servlet.DispatcherServlet        : Completed initialization in 3 ms
2026-07-26T04:59:14.121+06:00  INFO 10112 --- [CartFlow-POS v1.0] [File Watcher] rtingClassPathChangeChangedEventListener : Restarting due to 1 class path change (0 additions, 1 deletion, 0 modifications)
2026-07-26T04:59:14.137+06:00  INFO 10112 --- [CartFlow-POS v1.0] [Thread-1] o.s.boot.tomcat.GracefulShutdown         : Commencing graceful shutdown. Waiting for active requests to complete
2026-07-26T04:59:14.156+06:00  INFO 10112 --- [CartFlow-POS v1.0] [tomcat-shutdown] o.s.boot.tomcat.GracefulShutdown         : Graceful shutdown complete
2026-07-26T04:59:14.164+06:00  INFO 10112 --- [CartFlow-POS v1.0] [Thread-1] j.LocalContainerEntityManagerFactoryBean : Closing JPA EntityManagerFactory for persistence unit 'default'
2026-07-26T04:59:14.173+06:00  INFO 10112 --- [CartFlow-POS v1.0] [Thread-1] com.zaxxer.hikari.HikariDataSource       : HikariPool-1 - Shutdown initiated...
2026-07-26T04:59:14.189+06:00  INFO 10112 --- [CartFlow-POS v1.0] [Thread-1] com.zaxxer.hikari.HikariDataSource       : HikariPool-1 - Shutdown completed.
2026-07-26T04:59:14.480+06:00  INFO 10112 --- [CartFlow-POS v1.0] [restartedMain] c.sparktech.cart_pos_v1_0.Application    : Starting Application using Java 25.0.3 with PID 10112 (E:\Advance Java Assignment\CartFlow-POS v1.0\target\classes started by LENOVO in E:\Advance Java Assignment\CartFlow-POS v1.0)
2026-07-26T04:59:14.481+06:00  INFO 10112 --- [CartFlow-POS v1.0] [restartedMain] c.sparktech.cart_pos_v1_0.Application    : No active profile set, falling back to 1 default profile: "default"
2026-07-26T04:59:15.127+06:00  INFO 10112 --- [CartFlow-POS v1.0] [restartedMain] .s.d.r.c.RepositoryConfigurationDelegate : Bootstrapping Spring Data JPA repositories in DEFAULT mode.
2026-07-26T04:59:15.160+06:00  INFO 10112 --- [CartFlow-POS v1.0] [restartedMain] .s.d.r.c.RepositoryConfigurationDelegate : Finished Spring Data repository scanning in 28 ms. Found 2 JPA repository interfaces.
2026-07-26T04:59:15.529+06:00  INFO 10112 --- [CartFlow-POS v1.0] [restartedMain] o.s.boot.tomcat.TomcatWebServer          : Tomcat initialized with port 5782 (http)
2026-07-26T04:59:15.533+06:00  INFO 10112 --- [CartFlow-POS v1.0] [restartedMain] o.apache.catalina.core.StandardService   : Starting service [Tomcat]
2026-07-26T04:59:15.534+06:00  INFO 10112 --- [CartFlow-POS v1.0] [restartedMain] o.apache.catalina.core.StandardEngine    : Starting Servlet engine: [Apache Tomcat/11.0.22]
2026-07-26T04:59:15.608+06:00  INFO 10112 --- [CartFlow-POS v1.0] [restartedMain] b.w.c.s.WebApplicationContextInitializer : Root WebApplicationContext: initialization completed in 1121 ms
2026-07-26T04:59:15.825+06:00  INFO 10112 --- [CartFlow-POS v1.0] [restartedMain] org.hibernate.orm.jpa                    : HHH008540: Processing PersistenceUnitInfo [name: default]
2026-07-26T04:59:15.898+06:00  INFO 10112 --- [CartFlow-POS v1.0] [restartedMain] o.s.o.j.p.SpringPersistenceUnitInfo      : No LoadTimeWeaver setup: ignoring JPA class transformer
2026-07-26T04:59:15.901+06:00  INFO 10112 --- [CartFlow-POS v1.0] [restartedMain] com.zaxxer.hikari.HikariDataSource       : HikariPool-2 - Starting...
2026-07-26T04:59:15.948+06:00  INFO 10112 --- [CartFlow-POS v1.0] [restartedMain] com.zaxxer.hikari.pool.HikariPool        : HikariPool-2 - Added connection com.mysql.cj.jdbc.ConnectionImpl@50cbd18f
2026-07-26T04:59:15.949+06:00  INFO 10112 --- [CartFlow-POS v1.0] [restartedMain] com.zaxxer.hikari.HikariDataSource       : HikariPool-2 - Start completed.
2026-07-26T04:59:15.954+06:00  INFO 10112 --- [CartFlow-POS v1.0] [restartedMain] org.hibernate.orm.connections.pooling    : HHH10001005: Database info:
	Database JDBC URL [jdbc:mysql://localhost:3306/cartflow_pos]
	Database driver: MySQL Connector/J
	Database dialect: MySQLDialect
	Database version: 8.0.46
	Default catalog/schema: cartflow_pos/undefined
	Autocommit mode: undefined/unknown
	Isolation level: REPEATABLE_READ [default REPEATABLE_READ]
	JDBC fetch size: none
	Pool: DataSourceConnectionProvider
	Minimum pool size: undefined/unknown
	Maximum pool size: undefined/unknown
2026-07-26T04:59:16.255+06:00  INFO 10112 --- [CartFlow-POS v1.0] [restartedMain] org.hibernate.orm.core                   : HHH000489: No JTA platform available (set 'hibernate.transaction.jta.platform' to enable JTA platform integration)
2026-07-26T04:59:16.313+06:00  INFO 10112 --- [CartFlow-POS v1.0] [restartedMain] j.LocalContainerEntityManagerFactoryBean : Initialized JPA EntityManagerFactory for persistence unit 'default'
2026-07-26T04:59:16.561+06:00  WARN 10112 --- [CartFlow-POS v1.0] [restartedMain] JpaBaseConfiguration$JpaWebConfiguration : spring.jpa.open-in-view is enabled by default. Therefore, database queries may be performed during view rendering. Explicitly configure spring.jpa.open-in-view to disable this warning
2026-07-26T04:59:16.941+06:00  INFO 10112 --- [CartFlow-POS v1.0] [restartedMain] o.s.boot.tomcat.TomcatWebServer          : Tomcat started on port 5782 (http) with context path '/'
2026-07-26T04:59:16.952+06:00  INFO 10112 --- [CartFlow-POS v1.0] [restartedMain] c.sparktech.cart_pos_v1_0.Application    : Started Application in 2.55 seconds (process running for 179.632)
2026-07-26T04:59:16.956+06:00  INFO 10112 --- [CartFlow-POS v1.0] [restartedMain] .ConditionEvaluationDeltaLoggingListener : Condition evaluation unchanged
2026-07-26T04:59:22.391+06:00  INFO 10112 --- [CartFlow-POS v1.0] [File Watcher] rtingClassPathChangeChangedEventListener : Restarting due to 1 class path change (1 addition, 0 deletions, 0 modifications)
2026-07-26T04:59:22.394+06:00  INFO 10112 --- [CartFlow-POS v1.0] [Thread-5] o.s.boot.tomcat.GracefulShutdown         : Commencing graceful shutdown. Waiting for active requests to complete
2026-07-26T04:59:22.401+06:00  INFO 10112 --- [CartFlow-POS v1.0] [tomcat-shutdown] o.s.boot.tomcat.GracefulShutdown         : Graceful shutdown complete
2026-07-26T04:59:22.404+06:00  INFO 10112 --- [CartFlow-POS v1.0] [Thread-5] j.LocalContainerEntityManagerFactoryBean : Closing JPA EntityManagerFactory for persistence unit 'default'
2026-07-26T04:59:22.407+06:00  INFO 10112 --- [CartFlow-POS v1.0] [Thread-5] com.zaxxer.hikari.HikariDataSource       : HikariPool-2 - Shutdown initiated...
2026-07-26T04:59:22.414+06:00  INFO 10112 --- [CartFlow-POS v1.0] [Thread-5] com.zaxxer.hikari.HikariDataSource       : HikariPool-2 - Shutdown completed.
2026-07-26T04:59:22.502+06:00  INFO 10112 --- [CartFlow-POS v1.0] [restartedMain] c.sparktech.cart_pos_v1_0.Application    : Starting Application using Java 25.0.3 with PID 10112 (E:\Advance Java Assignment\CartFlow-POS v1.0\target\classes started by LENOVO in E:\Advance Java Assignment\CartFlow-POS v1.0)
2026-07-26T04:59:22.502+06:00  INFO 10112 --- [CartFlow-POS v1.0] [restartedMain] c.sparktech.cart_pos_v1_0.Application    : No active profile set, falling back to 1 default profile: "default"
2026-07-26T04:59:22.709+06:00  INFO 10112 --- [CartFlow-POS v1.0] [restartedMain] .s.d.r.c.RepositoryConfigurationDelegate : Bootstrapping Spring Data JPA repositories in DEFAULT mode.
2026-07-26T04:59:22.722+06:00  INFO 10112 --- [CartFlow-POS v1.0] [restartedMain] .s.d.r.c.RepositoryConfigurationDelegate : Finished Spring Data repository scanning in 11 ms. Found 2 JPA repository interfaces.
2026-07-26T04:59:22.816+06:00  INFO 10112 --- [CartFlow-POS v1.0] [restartedMain] o.s.boot.tomcat.TomcatWebServer          : Tomcat initialized with port 5782 (http)
2026-07-26T04:59:22.817+06:00  INFO 10112 --- [CartFlow-POS v1.0] [restartedMain] o.apache.catalina.core.StandardService   : Starting service [Tomcat]
2026-07-26T04:59:22.817+06:00  INFO 10112 --- [CartFlow-POS v1.0] [restartedMain] o.apache.catalina.core.StandardEngine    : Starting Servlet engine: [Apache Tomcat/11.0.22]
2026-07-26T04:59:22.868+06:00  INFO 10112 --- [CartFlow-POS v1.0] [restartedMain] b.w.c.s.WebApplicationContextInitializer : Root WebApplicationContext: initialization completed in 364 ms
2026-07-26T04:59:23.027+06:00  INFO 10112 --- [CartFlow-POS v1.0] [restartedMain] org.hibernate.orm.jpa                    : HHH008540: Processing PersistenceUnitInfo [name: default]
2026-07-26T04:59:23.112+06:00  INFO 10112 --- [CartFlow-POS v1.0] [restartedMain] o.s.o.j.p.SpringPersistenceUnitInfo      : No LoadTimeWeaver setup: ignoring JPA class transformer
2026-07-26T04:59:23.113+06:00  INFO 10112 --- [CartFlow-POS v1.0] [restartedMain] com.zaxxer.hikari.HikariDataSource       : HikariPool-3 - Starting...
2026-07-26T04:59:23.145+06:00  INFO 10112 --- [CartFlow-POS v1.0] [restartedMain] com.zaxxer.hikari.pool.HikariPool        : HikariPool-3 - Added connection com.mysql.cj.jdbc.ConnectionImpl@9d18e16
2026-07-26T04:59:23.145+06:00  INFO 10112 --- [CartFlow-POS v1.0] [restartedMain] com.zaxxer.hikari.HikariDataSource       : HikariPool-3 - Start completed.
2026-07-26T04:59:23.149+06:00  INFO 10112 --- [CartFlow-POS v1.0] [restartedMain] org.hibernate.orm.connections.pooling    : HHH10001005: Database info:
	Database JDBC URL [jdbc:mysql://localhost:3306/cartflow_pos]
	Database driver: MySQL Connector/J
	Database dialect: MySQLDialect
	Database version: 8.0.46
	Default catalog/schema: cartflow_pos/undefined
	Autocommit mode: undefined/unknown
	Isolation level: REPEATABLE_READ [default REPEATABLE_READ]
	JDBC fetch size: none
	Pool: DataSourceConnectionProvider
	Minimum pool size: undefined/unknown
	Maximum pool size: undefined/unknown
2026-07-26T04:59:23.388+06:00  INFO 10112 --- [CartFlow-POS v1.0] [restartedMain] org.hibernate.orm.core                   : HHH000489: No JTA platform available (set 'hibernate.transaction.jta.platform' to enable JTA platform integration)
2026-07-26T04:59:23.423+06:00  INFO 10112 --- [CartFlow-POS v1.0] [restartedMain] j.LocalContainerEntityManagerFactoryBean : Initialized JPA EntityManagerFactory for persistence unit 'default'
2026-07-26T04:59:23.567+06:00  WARN 10112 --- [CartFlow-POS v1.0] [restartedMain] JpaBaseConfiguration$JpaWebConfiguration : spring.jpa.open-in-view is enabled by default. Therefore, database queries may be performed during view rendering. Explicitly configure spring.jpa.open-in-view to disable this warning
2026-07-26T04:59:23.875+06:00  INFO 10112 --- [CartFlow-POS v1.0] [restartedMain] o.s.boot.tomcat.TomcatWebServer          : Tomcat started on port 5782 (http) with context path '/'
2026-07-26T04:59:23.882+06:00  INFO 10112 --- [CartFlow-POS v1.0] [restartedMain] c.sparktech.cart_pos_v1_0.Application    : Started Application in 1.408 seconds (process running for 186.562)
2026-07-26T04:59:23.903+06:00  INFO 10112 --- [CartFlow-POS v1.0] [restartedMain] .ConditionEvaluationDeltaLoggingListener : Condition evaluation unchanged
2026-07-26T05:12:58.337+06:00  INFO 10112 --- [CartFlow-POS v1.0] [File Watcher] rtingClassPathChangeChangedEventListener : Restarting due to 1 class path change (0 additions, 1 deletion, 0 modifications)
2026-07-26T05:12:58.342+06:00  INFO 10112 --- [CartFlow-POS v1.0] [Thread-9] o.s.boot.tomcat.GracefulShutdown         : Commencing graceful shutdown. Waiting for active requests to complete
2026-07-26T05:12:58.375+06:00  INFO 10112 --- [CartFlow-POS v1.0] [tomcat-shutdown] o.s.boot.tomcat.GracefulShutdown         : Graceful shutdown complete
2026-07-26T05:12:58.382+06:00  INFO 10112 --- [CartFlow-POS v1.0] [Thread-9] j.LocalContainerEntityManagerFactoryBean : Closing JPA EntityManagerFactory for persistence unit 'default'
2026-07-26T05:12:58.383+06:00  INFO 10112 --- [CartFlow-POS v1.0] [Thread-9] com.zaxxer.hikari.HikariDataSource       : HikariPool-3 - Shutdown initiated...
2026-07-26T05:12:58.393+06:00  INFO 10112 --- [CartFlow-POS v1.0] [Thread-9] com.zaxxer.hikari.HikariDataSource       : HikariPool-3 - Shutdown completed.
2026-07-26T05:12:58.567+06:00  INFO 10112 --- [CartFlow-POS v1.0] [restartedMain] c.sparktech.cart_pos_v1_0.Application    : Starting Application using Java 25.0.3 with PID 10112 (E:\Advance Java Assignment\CartFlow-POS v1.0\target\classes started by LENOVO in E:\Advance Java Assignment\CartFlow-POS v1.0)
2026-07-26T05:12:58.568+06:00  INFO 10112 --- [CartFlow-POS v1.0] [restartedMain] c.sparktech.cart_pos_v1_0.Application    : No active profile set, falling back to 1 default profile: "default"
2026-07-26T05:12:59.114+06:00  INFO 10112 --- [CartFlow-POS v1.0] [restartedMain] .s.d.r.c.RepositoryConfigurationDelegate : Bootstrapping Spring Data JPA repositories in DEFAULT mode.
2026-07-26T05:12:59.132+06:00  INFO 10112 --- [CartFlow-POS v1.0] [restartedMain] .s.d.r.c.RepositoryConfigurationDelegate : Finished Spring Data repository scanning in 15 ms. Found 1 JPA repository interface.
2026-07-26T05:12:59.530+06:00  INFO 10112 --- [CartFlow-POS v1.0] [restartedMain] o.s.boot.tomcat.TomcatWebServer          : Tomcat initialized with port 5782 (http)
2026-07-26T05:12:59.539+06:00  INFO 10112 --- [CartFlow-POS v1.0] [restartedMain] o.apache.catalina.core.StandardService   : Starting service [Tomcat]
2026-07-26T05:12:59.540+06:00  INFO 10112 --- [CartFlow-POS v1.0] [restartedMain] o.apache.catalina.core.StandardEngine    : Starting Servlet engine: [Apache Tomcat/11.0.22]
2026-07-26T05:12:59.618+06:00  INFO 10112 --- [CartFlow-POS v1.0] [restartedMain] b.w.c.s.WebApplicationContextInitializer : Root WebApplicationContext: initialization completed in 1005 ms
2026-07-26T05:12:59.894+06:00  INFO 10112 --- [CartFlow-POS v1.0] [restartedMain] org.hibernate.orm.jpa                    : HHH008540: Processing PersistenceUnitInfo [name: default]
2026-07-26T05:12:59.961+06:00  INFO 10112 --- [CartFlow-POS v1.0] [restartedMain] o.s.o.j.p.SpringPersistenceUnitInfo      : No LoadTimeWeaver setup: ignoring JPA class transformer
2026-07-26T05:12:59.964+06:00  INFO 10112 --- [CartFlow-POS v1.0] [restartedMain] com.zaxxer.hikari.HikariDataSource       : HikariPool-4 - Starting...
2026-07-26T05:13:00.014+06:00  INFO 10112 --- [CartFlow-POS v1.0] [restartedMain] com.zaxxer.hikari.pool.HikariPool        : HikariPool-4 - Added connection com.mysql.cj.jdbc.ConnectionImpl@7701ae8a
2026-07-26T05:13:00.015+06:00  INFO 10112 --- [CartFlow-POS v1.0] [restartedMain] com.zaxxer.hikari.HikariDataSource       : HikariPool-4 - Start completed.
2026-07-26T05:13:00.020+06:00  INFO 10112 --- [CartFlow-POS v1.0] [restartedMain] org.hibernate.orm.connections.pooling    : HHH10001005: Database info:
	Database JDBC URL [jdbc:mysql://localhost:3306/cartflow_pos]
	Database driver: MySQL Connector/J
	Database dialect: MySQLDialect
	Database version: 8.0.46
	Default catalog/schema: cartflow_pos/undefined
	Autocommit mode: undefined/unknown
	Isolation level: REPEATABLE_READ [default REPEATABLE_READ]
	JDBC fetch size: none
	Pool: DataSourceConnectionProvider
	Minimum pool size: undefined/unknown
	Maximum pool size: undefined/unknown
2026-07-26T05:13:00.320+06:00  INFO 10112 --- [CartFlow-POS v1.0] [restartedMain] org.hibernate.orm.core                   : HHH000489: No JTA platform available (set 'hibernate.transaction.jta.platform' to enable JTA platform integration)
2026-07-26T05:13:00.355+06:00  INFO 10112 --- [CartFlow-POS v1.0] [restartedMain] j.LocalContainerEntityManagerFactoryBean : Initialized JPA EntityManagerFactory for persistence unit 'default'
2026-07-26T05:13:00.422+06:00  WARN 10112 --- [CartFlow-POS v1.0] [restartedMain] ConfigServletWebServerApplicationContext : Exception encountered during context initialization - cancelling refresh attempt: org.springframework.beans.factory.BeanCreationException: Error creating bean with name 'productController': Resolution of declared constructors on bean Class [com.sparktech.cart_pos_v1_0.Controller.ProductController] from ClassLoader [org.springframework.boot.devtools.restart.classloader.RestartClassLoader@7c7331cd] failed
2026-07-26T05:13:00.422+06:00  INFO 10112 --- [CartFlow-POS v1.0] [restartedMain] j.LocalContainerEntityManagerFactoryBean : Closing JPA EntityManagerFactory for persistence unit 'default'
2026-07-26T05:13:00.425+06:00  INFO 10112 --- [CartFlow-POS v1.0] [restartedMain] com.zaxxer.hikari.HikariDataSource       : HikariPool-4 - Shutdown initiated...
2026-07-26T05:13:00.462+06:00  INFO 10112 --- [CartFlow-POS v1.0] [restartedMain] com.zaxxer.hikari.HikariDataSource       : HikariPool-4 - Shutdown completed.
2026-07-26T05:13:00.463+06:00  INFO 10112 --- [CartFlow-POS v1.0] [restartedMain] o.apache.catalina.core.StandardService   : Stopping service [Tomcat]
2026-07-26T05:13:00.509+06:00  INFO 10112 --- [CartFlow-POS v1.0] [restartedMain] .s.b.a.l.ConditionEvaluationReportLogger : 

Error starting ApplicationContext. To display the condition evaluation report re-run your application with 'debug' enabled.
2026-07-26T05:13:00.562+06:00 ERROR 10112 --- [CartFlow-POS v1.0] [restartedMain] o.s.boot.SpringApplication               : Application run failed

org.springframework.beans.factory.BeanCreationException: Error creating bean with name 'productController': Resolution of declared constructors on bean Class [com.sparktech.cart_pos_v1_0.Controller.ProductController] from ClassLoader [org.springframework.boot.devtools.restart.classloader.RestartClassLoader@7c7331cd] failed
	at org.springframework.beans.factory.annotation.AutowiredAnnotationBeanPostProcessor.determineCandidateConstructors(AutowiredAnnotationBeanPostProcessor.java:368) ~[spring-beans-7.0.8.jar:7.0.8]
	at org.springframework.beans.factory.support.AbstractAutowireCapableBeanFactory.determineConstructorsFromBeanPostProcessors(AbstractAutowireCapableBeanFactory.java:1319) ~[spring-beans-7.0.8.jar:7.0.8]
	at org.springframework.beans.factory.support.AbstractAutowireCapableBeanFactory.createBeanInstance(AbstractAutowireCapableBeanFactory.java:1216) ~[spring-beans-7.0.8.jar:7.0.8]
	at org.springframework.beans.factory.support.AbstractAutowireCapableBeanFactory.doCreateBean(AbstractAutowireCapableBeanFactory.java:565) ~[spring-beans-7.0.8.jar:7.0.8]
	at org.springframework.beans.factory.support.AbstractAutowireCapableBeanFactory.createBean(AbstractAutowireCapableBeanFactory.java:525) ~[spring-beans-7.0.8.jar:7.0.8]
	at org.springframework.beans.factory.support.AbstractBeanFactory.lambda$doGetBean$0(AbstractBeanFactory.java:333) ~[spring-beans-7.0.8.jar:7.0.8]
	at org.springframework.beans.factory.support.DefaultSingletonBeanRegistry.getSingleton(DefaultSingletonBeanRegistry.java:371) ~[spring-beans-7.0.8.jar:7.0.8]
	at org.springframework.beans.factory.support.AbstractBeanFactory.doGetBean(AbstractBeanFactory.java:331) ~[spring-beans-7.0.8.jar:7.0.8]
	at org.springframework.beans.factory.support.AbstractBeanFactory.getBean(AbstractBeanFactory.java:196) ~[spring-beans-7.0.8.jar:7.0.8]
	at org.springframework.beans.factory.support.DefaultListableBeanFactory.instantiateSingleton(DefaultListableBeanFactory.java:1225) ~[spring-beans-7.0.8.jar:7.0.8]
	at org.springframework.beans.factory.support.DefaultListableBeanFactory.preInstantiateSingleton(DefaultListableBeanFactory.java:1191) ~[spring-beans-7.0.8.jar:7.0.8]
	at org.springframework.beans.factory.support.DefaultListableBeanFactory.preInstantiateSingletons(DefaultListableBeanFactory.java:1121) ~[spring-beans-7.0.8.jar:7.0.8]
	at org.springframework.context.support.AbstractApplicationContext.finishBeanFactoryInitialization(AbstractApplicationContext.java:994) ~[spring-context-7.0.8.jar:7.0.8]
	at org.springframework.context.support.AbstractApplicationContext.refresh(AbstractApplicationContext.java:621) ~[spring-context-7.0.8.jar:7.0.8]
	at org.springframework.boot.web.server.servlet.context.ServletWebServerApplicationContext.refresh(ServletWebServerApplicationContext.java:143) ~[spring-boot-web-server-4.1.0.jar:4.1.0]
	at org.springframework.boot.SpringApplication.refresh(SpringApplication.java:756) ~[spring-boot-4.1.0.jar:4.1.0]
	at org.springframework.boot.SpringApplication.refreshContext(SpringApplication.java:445) ~[spring-boot-4.1.0.jar:4.1.0]
	at org.springframework.boot.SpringApplication.run(SpringApplication.java:321) ~[spring-boot-4.1.0.jar:4.1.0]
	at org.springframework.boot.SpringApplication.run(SpringApplication.java:1365) ~[spring-boot-4.1.0.jar:4.1.0]
	at org.springframework.boot.SpringApplication.run(SpringApplication.java:1354) ~[spring-boot-4.1.0.jar:4.1.0]
	at com.sparktech.cart_pos_v1_0.Application.main(Application.java:10) ~[classes/:na]
	at java.base/jdk.internal.reflect.DirectMethodHandleAccessor.invoke(DirectMethodHandleAccessor.java:104) ~[na:na]
	at java.base/java.lang.reflect.Method.invoke(Method.java:565) ~[na:na]
	at org.springframework.boot.devtools.restart.RestartLauncher.run(RestartLauncher.java:52) ~[spring-boot-devtools-4.1.0.jar:4.1.0]
Caused by: java.lang.NoClassDefFoundError: com/sparktech/cart_pos_v1_0/Interface/ProductInterface
	at java.base/java.lang.Class.getDeclaredConstructors0(Native Method) ~[na:na]
	at java.base/java.lang.Class.privateGetDeclaredConstructors(Class.java:2985) ~[na:na]
	at java.base/java.lang.Class.getDeclaredConstructors(Class.java:2354) ~[na:na]
	at org.springframework.beans.factory.annotation.AutowiredAnnotationBeanPostProcessor.determineCandidateConstructors(AutowiredAnnotationBeanPostProcessor.java:363) ~[spring-beans-7.0.8.jar:7.0.8]
	... 23 common frames omitted
Caused by: java.lang.ClassNotFoundException: com.sparktech.cart_pos_v1_0.Interface.ProductInterface
	at java.base/jdk.internal.loader.BuiltinClassLoader.loadClass(BuiltinClassLoader.java:580) ~[na:na]
	at java.base/java.lang.ClassLoader.loadClass(ClassLoader.java:490) ~[na:na]
	at java.base/java.lang.Class.forName0(Native Method) ~[na:na]
	at java.base/java.lang.Class.forName(Class.java:547) ~[na:na]
	at org.springframework.boot.devtools.restart.classloader.RestartClassLoader.loadClass(RestartClassLoader.java:123) ~[spring-boot-devtools-4.1.0.jar:4.1.0]
	at java.base/java.lang.ClassLoader.loadClass(ClassLoader.java:490) ~[na:na]
	... 27 common frames omitted

2026-07-26T05:14:17.215+06:00  INFO 10112 --- [CartFlow-POS v1.0] [restartedMain] c.sparktech.cart_pos_v1_0.Application    : Starting Application using Java 25.0.3 with PID 10112 (E:\Advance Java Assignment\CartFlow-POS v1.0\target\classes started by LENOVO in E:\Advance Java Assignment\CartFlow-POS v1.0)
2026-07-26T05:14:17.215+06:00  INFO 10112 --- [CartFlow-POS v1.0] [restartedMain] c.sparktech.cart_pos_v1_0.Application    : No active profile set, falling back to 1 default profile: "default"
2026-07-26T05:14:17.404+06:00  INFO 10112 --- [CartFlow-POS v1.0] [restartedMain] .s.d.r.c.RepositoryConfigurationDelegate : Bootstrapping Spring Data JPA repositories in DEFAULT mode.
2026-07-26T05:14:17.427+06:00  INFO 10112 --- [CartFlow-POS v1.0] [restartedMain] .s.d.r.c.RepositoryConfigurationDelegate : Finished Spring Data repository scanning in 18 ms. Found 2 JPA repository interfaces.
2026-07-26T05:14:17.666+06:00  INFO 10112 --- [CartFlow-POS v1.0] [restartedMain] o.s.boot.tomcat.TomcatWebServer          : Tomcat initialized with port 5782 (http)
2026-07-26T05:14:17.672+06:00  INFO 10112 --- [CartFlow-POS v1.0] [restartedMain] o.apache.catalina.core.StandardService   : Starting service [Tomcat]
2026-07-26T05:14:17.673+06:00  INFO 10112 --- [CartFlow-POS v1.0] [restartedMain] o.apache.catalina.core.StandardEngine    : Starting Servlet engine: [Apache Tomcat/11.0.22]
2026-07-26T05:14:17.753+06:00  INFO 10112 --- [CartFlow-POS v1.0] [restartedMain] b.w.c.s.WebApplicationContextInitializer : Root WebApplicationContext: initialization completed in 535 ms
2026-07-26T05:14:17.824+06:00  INFO 10112 --- [CartFlow-POS v1.0] [restartedMain] org.hibernate.orm.jpa                    : HHH008540: Processing PersistenceUnitInfo [name: default]
2026-07-26T05:14:17.882+06:00  INFO 10112 --- [CartFlow-POS v1.0] [restartedMain] o.s.o.j.p.SpringPersistenceUnitInfo      : No LoadTimeWeaver setup: ignoring JPA class transformer
2026-07-26T05:14:17.885+06:00  INFO 10112 --- [CartFlow-POS v1.0] [restartedMain] com.zaxxer.hikari.HikariDataSource       : HikariPool-5 - Starting...
2026-07-26T05:14:17.996+06:00  INFO 10112 --- [CartFlow-POS v1.0] [restartedMain] com.zaxxer.hikari.pool.HikariPool        : HikariPool-5 - Added connection com.mysql.cj.jdbc.ConnectionImpl@52d94c2a
2026-07-26T05:14:17.997+06:00  INFO 10112 --- [CartFlow-POS v1.0] [restartedMain] com.zaxxer.hikari.HikariDataSource       : HikariPool-5 - Start completed.
2026-07-26T05:14:18.001+06:00  INFO 10112 --- [CartFlow-POS v1.0] [restartedMain] org.hibernate.orm.connections.pooling    : HHH10001005: Database info:
	Database JDBC URL [jdbc:mysql://localhost:3306/cartflow_pos]
	Database driver: MySQL Connector/J
	Database dialect: MySQLDialect
	Database version: 8.0.46
	Default catalog/schema: cartflow_pos/undefined
	Autocommit mode: undefined/unknown
	Isolation level: REPEATABLE_READ [default REPEATABLE_READ]
	JDBC fetch size: none
	Pool: DataSourceConnectionProvider
	Minimum pool size: undefined/unknown
	Maximum pool size: undefined/unknown
2026-07-26T05:14:18.266+06:00  INFO 10112 --- [CartFlow-POS v1.0] [restartedMain] org.hibernate.orm.core                   : HHH000489: No JTA platform available (set 'hibernate.transaction.jta.platform' to enable JTA platform integration)
2026-07-26T05:14:18.306+06:00  INFO 10112 --- [CartFlow-POS v1.0] [restartedMain] j.LocalContainerEntityManagerFactoryBean : Initialized JPA EntityManagerFactory for persistence unit 'default'
2026-07-26T05:14:18.582+06:00  WARN 10112 --- [CartFlow-POS v1.0] [restartedMain] JpaBaseConfiguration$JpaWebConfiguration : spring.jpa.open-in-view is enabled by default. Therefore, database queries may be performed during view rendering. Explicitly configure spring.jpa.open-in-view to disable this warning
2026-07-26T05:14:19.649+06:00  INFO 10112 --- [CartFlow-POS v1.0] [restartedMain] o.s.boot.tomcat.TomcatWebServer          : Tomcat started on port 5782 (http) with context path '/'
2026-07-26T05:14:19.654+06:00  INFO 10112 --- [CartFlow-POS v1.0] [restartedMain] c.sparktech.cart_pos_v1_0.Application    : Started Application in 2.469 seconds (process running for 1082.335)
2026-07-26T05:14:19.657+06:00  INFO 10112 --- [CartFlow-POS v1.0] [restartedMain] .ConditionEvaluationDeltaLoggingListener : Condition evaluation unchanged
2026-07-26T05:14:40.113+06:00  INFO 10112 --- [CartFlow-POS v1.0] [File Watcher] rtingClassPathChangeChangedEventListener : Restarting due to 1 class path change (0 additions, 1 deletion, 0 modifications)
2026-07-26T05:14:40.116+06:00  INFO 10112 --- [CartFlow-POS v1.0] [Thread-13] o.s.boot.tomcat.GracefulShutdown         : Commencing graceful shutdown. Waiting for active requests to complete
2026-07-26T05:14:40.131+06:00  INFO 10112 --- [CartFlow-POS v1.0] [tomcat-shutdown] o.s.boot.tomcat.GracefulShutdown         : Graceful shutdown complete
2026-07-26T05:14:40.134+06:00  INFO 10112 --- [CartFlow-POS v1.0] [Thread-13] j.LocalContainerEntityManagerFactoryBean : Closing JPA EntityManagerFactory for persistence unit 'default'
2026-07-26T05:14:40.136+06:00  INFO 10112 --- [CartFlow-POS v1.0] [Thread-13] com.zaxxer.hikari.HikariDataSource       : HikariPool-5 - Shutdown initiated...
2026-07-26T05:14:40.144+06:00  INFO 10112 --- [CartFlow-POS v1.0] [Thread-13] com.zaxxer.hikari.HikariDataSource       : HikariPool-5 - Shutdown completed.
2026-07-26T05:14:40.357+06:00  INFO 10112 --- [CartFlow-POS v1.0] [restartedMain] c.sparktech.cart_pos_v1_0.Application    : Starting Application using Java 25.0.3 with PID 10112 (E:\Advance Java Assignment\CartFlow-POS v1.0\target\classes started by LENOVO in E:\Advance Java Assignment\CartFlow-POS v1.0)
2026-07-26T05:14:40.358+06:00  INFO 10112 --- [CartFlow-POS v1.0] [restartedMain] c.sparktech.cart_pos_v1_0.Application    : No active profile set, falling back to 1 default profile: "default"
2026-07-26T05:14:40.826+06:00  INFO 10112 --- [CartFlow-POS v1.0] [restartedMain] .s.d.r.c.RepositoryConfigurationDelegate : Bootstrapping Spring Data JPA repositories in DEFAULT mode.
2026-07-26T05:14:40.907+06:00  INFO 10112 --- [CartFlow-POS v1.0] [restartedMain] .s.d.r.c.RepositoryConfigurationDelegate : Finished Spring Data repository scanning in 77 ms. Found 1 JPA repository interface.
2026-07-26T05:14:41.092+06:00  INFO 10112 --- [CartFlow-POS v1.0] [restartedMain] o.s.boot.tomcat.TomcatWebServer          : Tomcat initialized with port 5782 (http)
2026-07-26T05:14:41.093+06:00  INFO 10112 --- [CartFlow-POS v1.0] [restartedMain] o.apache.catalina.core.StandardService   : Starting service [Tomcat]
2026-07-26T05:14:41.094+06:00  INFO 10112 --- [CartFlow-POS v1.0] [restartedMain] o.apache.catalina.core.StandardEngine    : Starting Servlet engine: [Apache Tomcat/11.0.22]
2026-07-26T05:14:41.212+06:00  INFO 10112 --- [CartFlow-POS v1.0] [restartedMain] b.w.c.s.WebApplicationContextInitializer : Root WebApplicationContext: initialization completed in 849 ms
2026-07-26T05:14:41.361+06:00  INFO 10112 --- [CartFlow-POS v1.0] [restartedMain] org.hibernate.orm.jpa                    : HHH008540: Processing PersistenceUnitInfo [name: default]
2026-07-26T05:14:41.423+06:00  INFO 10112 --- [CartFlow-POS v1.0] [restartedMain] o.s.o.j.p.SpringPersistenceUnitInfo      : No LoadTimeWeaver setup: ignoring JPA class transformer
2026-07-26T05:14:41.437+06:00  INFO 10112 --- [CartFlow-POS v1.0] [restartedMain] com.zaxxer.hikari.HikariDataSource       : HikariPool-6 - Starting...
2026-07-26T05:14:41.497+06:00  INFO 10112 --- [CartFlow-POS v1.0] [restartedMain] com.zaxxer.hikari.pool.HikariPool        : HikariPool-6 - Added connection com.mysql.cj.jdbc.ConnectionImpl@24f0ff0
2026-07-26T05:14:41.497+06:00  INFO 10112 --- [CartFlow-POS v1.0] [restartedMain] com.zaxxer.hikari.HikariDataSource       : HikariPool-6 - Start completed.
2026-07-26T05:14:41.500+06:00  INFO 10112 --- [CartFlow-POS v1.0] [restartedMain] org.hibernate.orm.connections.pooling    : HHH10001005: Database info:
	Database JDBC URL [jdbc:mysql://localhost:3306/cartflow_pos]
	Database driver: MySQL Connector/J
	Database dialect: MySQLDialect
	Database version: 8.0.46
	Default catalog/schema: cartflow_pos/undefined
	Autocommit mode: undefined/unknown
	Isolation level: REPEATABLE_READ [default REPEATABLE_READ]
	JDBC fetch size: none
	Pool: DataSourceConnectionProvider
	Minimum pool size: undefined/unknown
	Maximum pool size: undefined/unknown
2026-07-26T05:14:41.685+06:00  INFO 10112 --- [CartFlow-POS v1.0] [restartedMain] org.hibernate.orm.core                   : HHH000489: No JTA platform available (set 'hibernate.transaction.jta.platform' to enable JTA platform integration)
2026-07-26T05:14:41.757+06:00  INFO 10112 --- [CartFlow-POS v1.0] [restartedMain] j.LocalContainerEntityManagerFactoryBean : Initialized JPA EntityManagerFactory for persistence unit 'default'
2026-07-26T05:14:41.792+06:00  WARN 10112 --- [CartFlow-POS v1.0] [restartedMain] ConfigServletWebServerApplicationContext : Exception encountered during context initialization - cancelling refresh attempt: org.springframework.beans.factory.BeanCreationException: Error creating bean with name 'productController': Resolution of declared constructors on bean Class [com.sparktech.cart_pos_v1_0.Controller.ProductController] from ClassLoader [org.springframework.boot.devtools.restart.classloader.RestartClassLoader@416059e7] failed
2026-07-26T05:14:41.792+06:00  INFO 10112 --- [CartFlow-POS v1.0] [restartedMain] j.LocalContainerEntityManagerFactoryBean : Closing JPA EntityManagerFactory for persistence unit 'default'
2026-07-26T05:14:41.793+06:00  INFO 10112 --- [CartFlow-POS v1.0] [restartedMain] com.zaxxer.hikari.HikariDataSource       : HikariPool-6 - Shutdown initiated...
2026-07-26T05:14:41.799+06:00  INFO 10112 --- [CartFlow-POS v1.0] [restartedMain] com.zaxxer.hikari.HikariDataSource       : HikariPool-6 - Shutdown completed.
2026-07-26T05:14:41.800+06:00  INFO 10112 --- [CartFlow-POS v1.0] [restartedMain] o.apache.catalina.core.StandardService   : Stopping service [Tomcat]
2026-07-26T05:14:41.817+06:00  INFO 10112 --- [CartFlow-POS v1.0] [restartedMain] .s.b.a.l.ConditionEvaluationReportLogger : 

Error starting ApplicationContext. To display the condition evaluation report re-run your application with 'debug' enabled.
2026-07-26T05:14:41.823+06:00 ERROR 10112 --- [CartFlow-POS v1.0] [restartedMain] o.s.boot.SpringApplication               : Application run failed

org.springframework.beans.factory.BeanCreationException: Error creating bean with name 'productController': Resolution of declared constructors on bean Class [com.sparktech.cart_pos_v1_0.Controller.ProductController] from ClassLoader [org.springframework.boot.devtools.restart.classloader.RestartClassLoader@416059e7] failed
	at org.springframework.beans.factory.annotation.AutowiredAnnotationBeanPostProcessor.determineCandidateConstructors(AutowiredAnnotationBeanPostProcessor.java:368) ~[spring-beans-7.0.8.jar:7.0.8]
	at org.springframework.beans.factory.support.AbstractAutowireCapableBeanFactory.determineConstructorsFromBeanPostProcessors(AbstractAutowireCapableBeanFactory.java:1319) ~[spring-beans-7.0.8.jar:7.0.8]
	at org.springframework.beans.factory.support.AbstractAutowireCapableBeanFactory.createBeanInstance(AbstractAutowireCapableBeanFactory.java:1216) ~[spring-beans-7.0.8.jar:7.0.8]
	at org.springframework.beans.factory.support.AbstractAutowireCapableBeanFactory.doCreateBean(AbstractAutowireCapableBeanFactory.java:565) ~[spring-beans-7.0.8.jar:7.0.8]
	at org.springframework.beans.factory.support.AbstractAutowireCapableBeanFactory.createBean(AbstractAutowireCapableBeanFactory.java:525) ~[spring-beans-7.0.8.jar:7.0.8]
	at org.springframework.beans.factory.support.AbstractBeanFactory.lambda$doGetBean$0(AbstractBeanFactory.java:333) ~[spring-beans-7.0.8.jar:7.0.8]
	at org.springframework.beans.factory.support.DefaultSingletonBeanRegistry.getSingleton(DefaultSingletonBeanRegistry.java:371) ~[spring-beans-7.0.8.jar:7.0.8]
	at org.springframework.beans.factory.support.AbstractBeanFactory.doGetBean(AbstractBeanFactory.java:331) ~[spring-beans-7.0.8.jar:7.0.8]
	at org.springframework.beans.factory.support.AbstractBeanFactory.getBean(AbstractBeanFactory.java:196) ~[spring-beans-7.0.8.jar:7.0.8]
	at org.springframework.beans.factory.support.DefaultListableBeanFactory.instantiateSingleton(DefaultListableBeanFactory.java:1225) ~[spring-beans-7.0.8.jar:7.0.8]
	at org.springframework.beans.factory.support.DefaultListableBeanFactory.preInstantiateSingleton(DefaultListableBeanFactory.java:1191) ~[spring-beans-7.0.8.jar:7.0.8]
	at org.springframework.beans.factory.support.DefaultListableBeanFactory.preInstantiateSingletons(DefaultListableBeanFactory.java:1121) ~[spring-beans-7.0.8.jar:7.0.8]
	at org.springframework.context.support.AbstractApplicationContext.finishBeanFactoryInitialization(AbstractApplicationContext.java:994) ~[spring-context-7.0.8.jar:7.0.8]
	at org.springframework.context.support.AbstractApplicationContext.refresh(AbstractApplicationContext.java:621) ~[spring-context-7.0.8.jar:7.0.8]
	at org.springframework.boot.web.server.servlet.context.ServletWebServerApplicationContext.refresh(ServletWebServerApplicationContext.java:143) ~[spring-boot-web-server-4.1.0.jar:4.1.0]
	at org.springframework.boot.SpringApplication.refresh(SpringApplication.java:756) ~[spring-boot-4.1.0.jar:4.1.0]
	at org.springframework.boot.SpringApplication.refreshContext(SpringApplication.java:445) ~[spring-boot-4.1.0.jar:4.1.0]
	at org.springframework.boot.SpringApplication.run(SpringApplication.java:321) ~[spring-boot-4.1.0.jar:4.1.0]
	at org.springframework.boot.SpringApplication.run(SpringApplication.java:1365) ~[spring-boot-4.1.0.jar:4.1.0]
	at org.springframework.boot.SpringApplication.run(SpringApplication.java:1354) ~[spring-boot-4.1.0.jar:4.1.0]
	at com.sparktech.cart_pos_v1_0.Application.main(Application.java:10) ~[classes/:na]
	at java.base/jdk.internal.reflect.DirectMethodHandleAccessor.invoke(DirectMethodHandleAccessor.java:104) ~[na:na]
	at java.base/java.lang.reflect.Method.invoke(Method.java:565) ~[na:na]
	at org.springframework.boot.devtools.restart.RestartLauncher.run(RestartLauncher.java:52) ~[spring-boot-devtools-4.1.0.jar:4.1.0]
Caused by: java.lang.NoClassDefFoundError: com/sparktech/cart_pos_v1_0/Interface/ProductInterface
	at java.base/java.lang.Class.getDeclaredConstructors0(Native Method) ~[na:na]
	at java.base/java.lang.Class.privateGetDeclaredConstructors(Class.java:2985) ~[na:na]
	at java.base/java.lang.Class.getDeclaredConstructors(Class.java:2354) ~[na:na]
	at org.springframework.beans.factory.annotation.AutowiredAnnotationBeanPostProcessor.determineCandidateConstructors(AutowiredAnnotationBeanPostProcessor.java:363) ~[spring-beans-7.0.8.jar:7.0.8]
	... 23 common frames omitted
Caused by: java.lang.ClassNotFoundException: com.sparktech.cart_pos_v1_0.Interface.ProductInterface
	at java.base/jdk.internal.loader.BuiltinClassLoader.loadClass(BuiltinClassLoader.java:580) ~[na:na]
	at java.base/java.lang.ClassLoader.loadClass(ClassLoader.java:490) ~[na:na]
	at java.base/java.lang.Class.forName0(Native Method) ~[na:na]
	at java.base/java.lang.Class.forName(Class.java:547) ~[na:na]
	at org.springframework.boot.devtools.restart.classloader.RestartClassLoader.loadClass(RestartClassLoader.java:123) ~[spring-boot-devtools-4.1.0.jar:4.1.0]
	at java.base/java.lang.ClassLoader.loadClass(ClassLoader.java:490) ~[na:na]
	... 27 common frames omitted

2026-07-26T05:19:53.280+06:00  INFO 10112 --- [CartFlow-POS v1.0] [restartedMain] c.sparktech.cart_pos_v1_0.Application    : Starting Application using Java 25.0.3 with PID 10112 (E:\Advance Java Assignment\CartFlow-POS v1.0\target\classes started by LENOVO in E:\Advance Java Assignment\CartFlow-POS v1.0)
2026-07-26T05:19:53.281+06:00  INFO 10112 --- [CartFlow-POS v1.0] [restartedMain] c.sparktech.cart_pos_v1_0.Application    : No active profile set, falling back to 1 default profile: "default"
2026-07-26T05:19:53.411+06:00  INFO 10112 --- [CartFlow-POS v1.0] [restartedMain] .s.d.r.c.RepositoryConfigurationDelegate : Bootstrapping Spring Data JPA repositories in DEFAULT mode.
2026-07-26T05:19:53.421+06:00  INFO 10112 --- [CartFlow-POS v1.0] [restartedMain] .s.d.r.c.RepositoryConfigurationDelegate : Finished Spring Data repository scanning in 8 ms. Found 2 JPA repository interfaces.
2026-07-26T05:19:53.476+06:00  INFO 10112 --- [CartFlow-POS v1.0] [restartedMain] o.s.boot.tomcat.TomcatWebServer          : Tomcat initialized with port 5782 (http)
2026-07-26T05:19:53.476+06:00  INFO 10112 --- [CartFlow-POS v1.0] [restartedMain] o.apache.catalina.core.StandardService   : Starting service [Tomcat]
2026-07-26T05:19:53.477+06:00  INFO 10112 --- [CartFlow-POS v1.0] [restartedMain] o.apache.catalina.core.StandardEngine    : Starting Servlet engine: [Apache Tomcat/11.0.22]
2026-07-26T05:19:53.498+06:00  INFO 10112 --- [CartFlow-POS v1.0] [restartedMain] b.w.c.s.WebApplicationContextInitializer : Root WebApplicationContext: initialization completed in 215 ms
2026-07-26T05:19:53.521+06:00  INFO 10112 --- [CartFlow-POS v1.0] [restartedMain] org.hibernate.orm.jpa                    : HHH008540: Processing PersistenceUnitInfo [name: default]
2026-07-26T05:19:53.536+06:00  INFO 10112 --- [CartFlow-POS v1.0] [restartedMain] o.s.o.j.p.SpringPersistenceUnitInfo      : No LoadTimeWeaver setup: ignoring JPA class transformer
2026-07-26T05:19:53.537+06:00  INFO 10112 --- [CartFlow-POS v1.0] [restartedMain] com.zaxxer.hikari.HikariDataSource       : HikariPool-7 - Starting...
2026-07-26T05:19:53.556+06:00  INFO 10112 --- [CartFlow-POS v1.0] [restartedMain] com.zaxxer.hikari.pool.HikariPool        : HikariPool-7 - Added connection com.mysql.cj.jdbc.ConnectionImpl@77f87e10
2026-07-26T05:19:53.556+06:00  INFO 10112 --- [CartFlow-POS v1.0] [restartedMain] com.zaxxer.hikari.HikariDataSource       : HikariPool-7 - Start completed.
2026-07-26T05:19:53.559+06:00  INFO 10112 --- [CartFlow-POS v1.0] [restartedMain] org.hibernate.orm.connections.pooling    : HHH10001005: Database info:
	Database JDBC URL [jdbc:mysql://localhost:3306/cartflow_pos]
	Database driver: MySQL Connector/J
	Database dialect: MySQLDialect
	Database version: 8.0.46
	Default catalog/schema: cartflow_pos/undefined
	Autocommit mode: undefined/unknown
	Isolation level: REPEATABLE_READ [default REPEATABLE_READ]
	JDBC fetch size: none
	Pool: DataSourceConnectionProvider
	Minimum pool size: undefined/unknown
	Maximum pool size: undefined/unknown
2026-07-26T05:19:53.610+06:00  INFO 10112 --- [CartFlow-POS v1.0] [restartedMain] org.hibernate.orm.core                   : HHH000489: No JTA platform available (set 'hibernate.transaction.jta.platform' to enable JTA platform integration)
2026-07-26T05:19:53.628+06:00  INFO 10112 --- [CartFlow-POS v1.0] [restartedMain] j.LocalContainerEntityManagerFactoryBean : Initialized JPA EntityManagerFactory for persistence unit 'default'
2026-07-26T05:19:53.675+06:00  WARN 10112 --- [CartFlow-POS v1.0] [restartedMain] JpaBaseConfiguration$JpaWebConfiguration : spring.jpa.open-in-view is enabled by default. Therefore, database queries may be performed during view rendering. Explicitly configure spring.jpa.open-in-view to disable this warning
2026-07-26T05:19:53.788+06:00  INFO 10112 --- [CartFlow-POS v1.0] [restartedMain] o.s.boot.tomcat.TomcatWebServer          : Tomcat started on port 5782 (http) with context path '/'
2026-07-26T05:19:53.791+06:00  INFO 10112 --- [CartFlow-POS v1.0] [restartedMain] c.sparktech.cart_pos_v1_0.Application    : Started Application in 0.529 seconds (process running for 1416.472)
2026-07-26T05:19:53.792+06:00  INFO 10112 --- [CartFlow-POS v1.0] [restartedMain] .ConditionEvaluationDeltaLoggingListener : Condition evaluation unchanged
2026-07-26T05:24:17.717+06:00  INFO 10112 --- [CartFlow-POS v1.0] [File Watcher] rtingClassPathChangeChangedEventListener : Restarting due to 1 class path change (0 additions, 1 deletion, 0 modifications)
2026-07-26T05:24:17.719+06:00  INFO 10112 --- [CartFlow-POS v1.0] [Thread-20] o.s.boot.tomcat.GracefulShutdown         : Commencing graceful shutdown. Waiting for active requests to complete
2026-07-26T05:24:17.728+06:00  INFO 10112 --- [CartFlow-POS v1.0] [tomcat-shutdown] o.s.boot.tomcat.GracefulShutdown         : Graceful shutdown complete
2026-07-26T05:24:17.731+06:00  INFO 10112 --- [CartFlow-POS v1.0] [Thread-20] j.LocalContainerEntityManagerFactoryBean : Closing JPA EntityManagerFactory for persistence unit 'default'
2026-07-26T05:24:17.732+06:00  INFO 10112 --- [CartFlow-POS v1.0] [Thread-20] com.zaxxer.hikari.HikariDataSource       : HikariPool-7 - Shutdown initiated...
2026-07-26T05:24:17.737+06:00  INFO 10112 --- [CartFlow-POS v1.0] [Thread-20] com.zaxxer.hikari.HikariDataSource       : HikariPool-7 - Shutdown completed.
2026-07-26T05:24:17.813+06:00  INFO 10112 --- [CartFlow-POS v1.0] [restartedMain] c.sparktech.cart_pos_v1_0.Application    : Starting Application using Java 25.0.3 with PID 10112 (E:\Advance Java Assignment\CartFlow-POS v1.0\target\classes started by LENOVO in E:\Advance Java Assignment\CartFlow-POS v1.0)
2026-07-26T05:24:17.813+06:00  INFO 10112 --- [CartFlow-POS v1.0] [restartedMain] c.sparktech.cart_pos_v1_0.Application    : No active profile set, falling back to 1 default profile: "default"
2026-07-26T05:24:17.945+06:00  INFO 10112 --- [CartFlow-POS v1.0] [restartedMain] .s.d.r.c.RepositoryConfigurationDelegate : Bootstrapping Spring Data JPA repositories in DEFAULT mode.
2026-07-26T05:24:17.954+06:00  INFO 10112 --- [CartFlow-POS v1.0] [restartedMain] .s.d.r.c.RepositoryConfigurationDelegate : Finished Spring Data repository scanning in 7 ms. Found 1 JPA repository interface.
2026-07-26T05:24:18.056+06:00  INFO 10112 --- [CartFlow-POS v1.0] [restartedMain] o.s.boot.tomcat.TomcatWebServer          : Tomcat initialized with port 5782 (http)
2026-07-26T05:24:18.059+06:00  INFO 10112 --- [CartFlow-POS v1.0] [restartedMain] o.apache.catalina.core.StandardService   : Starting service [Tomcat]
2026-07-26T05:24:18.059+06:00  INFO 10112 --- [CartFlow-POS v1.0] [restartedMain] o.apache.catalina.core.StandardEngine    : Starting Servlet engine: [Apache Tomcat/11.0.22]
2026-07-26T05:24:18.083+06:00  INFO 10112 --- [CartFlow-POS v1.0] [restartedMain] b.w.c.s.WebApplicationContextInitializer : Root WebApplicationContext: initialization completed in 268 ms
2026-07-26T05:24:18.127+06:00  INFO 10112 --- [CartFlow-POS v1.0] [restartedMain] org.hibernate.orm.jpa                    : HHH008540: Processing PersistenceUnitInfo [name: default]
2026-07-26T05:24:18.166+06:00  INFO 10112 --- [CartFlow-POS v1.0] [restartedMain] o.s.o.j.p.SpringPersistenceUnitInfo      : No LoadTimeWeaver setup: ignoring JPA class transformer
2026-07-26T05:24:18.168+06:00  INFO 10112 --- [CartFlow-POS v1.0] [restartedMain] com.zaxxer.hikari.HikariDataSource       : HikariPool-8 - Starting...
2026-07-26T05:24:18.190+06:00  INFO 10112 --- [CartFlow-POS v1.0] [restartedMain] com.zaxxer.hikari.pool.HikariPool        : HikariPool-8 - Added connection com.mysql.cj.jdbc.ConnectionImpl@2614340c
2026-07-26T05:24:18.190+06:00  INFO 10112 --- [CartFlow-POS v1.0] [restartedMain] com.zaxxer.hikari.HikariDataSource       : HikariPool-8 - Start completed.
2026-07-26T05:24:18.192+06:00  INFO 10112 --- [CartFlow-POS v1.0] [restartedMain] org.hibernate.orm.connections.pooling    : HHH10001005: Database info:
	Database JDBC URL [jdbc:mysql://localhost:3306/cartflow_pos]
	Database driver: MySQL Connector/J
	Database dialect: MySQLDialect
	Database version: 8.0.46
	Default catalog/schema: cartflow_pos/undefined
	Autocommit mode: undefined/unknown
	Isolation level: REPEATABLE_READ [default REPEATABLE_READ]
	JDBC fetch size: none
	Pool: DataSourceConnectionProvider
	Minimum pool size: undefined/unknown
	Maximum pool size: undefined/unknown
2026-07-26T05:24:18.248+06:00  INFO 10112 --- [CartFlow-POS v1.0] [restartedMain] org.hibernate.orm.core                   : HHH000489: No JTA platform available (set 'hibernate.transaction.jta.platform' to enable JTA platform integration)
2026-07-26T05:24:18.266+06:00  INFO 10112 --- [CartFlow-POS v1.0] [restartedMain] j.LocalContainerEntityManagerFactoryBean : Initialized JPA EntityManagerFactory for persistence unit 'default'
2026-07-26T05:24:18.279+06:00  WARN 10112 --- [CartFlow-POS v1.0] [restartedMain] ConfigServletWebServerApplicationContext : Exception encountered during context initialization - cancelling refresh attempt: org.springframework.beans.factory.BeanCreationException: Error creating bean with name 'productController': Resolution of declared constructors on bean Class [com.sparktech.cart_pos_v1_0.Controller.ProductController] from ClassLoader [org.springframework.boot.devtools.restart.classloader.RestartClassLoader@7462c268] failed
2026-07-26T05:24:18.279+06:00  INFO 10112 --- [CartFlow-POS v1.0] [restartedMain] j.LocalContainerEntityManagerFactoryBean : Closing JPA EntityManagerFactory for persistence unit 'default'
2026-07-26T05:24:18.280+06:00  INFO 10112 --- [CartFlow-POS v1.0] [restartedMain] com.zaxxer.hikari.HikariDataSource       : HikariPool-8 - Shutdown initiated...
2026-07-26T05:24:18.281+06:00  INFO 10112 --- [CartFlow-POS v1.0] [restartedMain] com.zaxxer.hikari.HikariDataSource       : HikariPool-8 - Shutdown completed.
2026-07-26T05:24:18.281+06:00  INFO 10112 --- [CartFlow-POS v1.0] [restartedMain] o.apache.catalina.core.StandardService   : Stopping service [Tomcat]
2026-07-26T05:24:18.286+06:00  INFO 10112 --- [CartFlow-POS v1.0] [restartedMain] .s.b.a.l.ConditionEvaluationReportLogger : 

Error starting ApplicationContext. To display the condition evaluation report re-run your application with 'debug' enabled.
2026-07-26T05:24:18.288+06:00 ERROR 10112 --- [CartFlow-POS v1.0] [restartedMain] o.s.boot.SpringApplication               : Application run failed

org.springframework.beans.factory.BeanCreationException: Error creating bean with name 'productController': Resolution of declared constructors on bean Class [com.sparktech.cart_pos_v1_0.Controller.ProductController] from ClassLoader [org.springframework.boot.devtools.restart.classloader.RestartClassLoader@7462c268] failed
	at org.springframework.beans.factory.annotation.AutowiredAnnotationBeanPostProcessor.determineCandidateConstructors(AutowiredAnnotationBeanPostProcessor.java:368) ~[spring-beans-7.0.8.jar:7.0.8]
	at org.springframework.beans.factory.support.AbstractAutowireCapableBeanFactory.determineConstructorsFromBeanPostProcessors(AbstractAutowireCapableBeanFactory.java:1319) ~[spring-beans-7.0.8.jar:7.0.8]
	at org.springframework.beans.factory.support.AbstractAutowireCapableBeanFactory.createBeanInstance(AbstractAutowireCapableBeanFactory.java:1216) ~[spring-beans-7.0.8.jar:7.0.8]
	at org.springframework.beans.factory.support.AbstractAutowireCapableBeanFactory.doCreateBean(AbstractAutowireCapableBeanFactory.java:565) ~[spring-beans-7.0.8.jar:7.0.8]
	at org.springframework.beans.factory.support.AbstractAutowireCapableBeanFactory.createBean(AbstractAutowireCapableBeanFactory.java:525) ~[spring-beans-7.0.8.jar:7.0.8]
	at org.springframework.beans.factory.support.AbstractBeanFactory.lambda$doGetBean$0(AbstractBeanFactory.java:333) ~[spring-beans-7.0.8.jar:7.0.8]
	at org.springframework.beans.factory.support.DefaultSingletonBeanRegistry.getSingleton(DefaultSingletonBeanRegistry.java:371) ~[spring-beans-7.0.8.jar:7.0.8]
	at org.springframework.beans.factory.support.AbstractBeanFactory.doGetBean(AbstractBeanFactory.java:331) ~[spring-beans-7.0.8.jar:7.0.8]
	at org.springframework.beans.factory.support.AbstractBeanFactory.getBean(AbstractBeanFactory.java:196) ~[spring-beans-7.0.8.jar:7.0.8]
	at org.springframework.beans.factory.support.DefaultListableBeanFactory.instantiateSingleton(DefaultListableBeanFactory.java:1225) ~[spring-beans-7.0.8.jar:7.0.8]
	at org.springframework.beans.factory.support.DefaultListableBeanFactory.preInstantiateSingleton(DefaultListableBeanFactory.java:1191) ~[spring-beans-7.0.8.jar:7.0.8]
	at org.springframework.beans.factory.support.DefaultListableBeanFactory.preInstantiateSingletons(DefaultListableBeanFactory.java:1121) ~[spring-beans-7.0.8.jar:7.0.8]
	at org.springframework.context.support.AbstractApplicationContext.finishBeanFactoryInitialization(AbstractApplicationContext.java:994) ~[spring-context-7.0.8.jar:7.0.8]
	at org.springframework.context.support.AbstractApplicationContext.refresh(AbstractApplicationContext.java:621) ~[spring-context-7.0.8.jar:7.0.8]
	at org.springframework.boot.web.server.servlet.context.ServletWebServerApplicationContext.refresh(ServletWebServerApplicationContext.java:143) ~[spring-boot-web-server-4.1.0.jar:4.1.0]
	at org.springframework.boot.SpringApplication.refresh(SpringApplication.java:756) ~[spring-boot-4.1.0.jar:4.1.0]
	at org.springframework.boot.SpringApplication.refreshContext(SpringApplication.java:445) ~[spring-boot-4.1.0.jar:4.1.0]
	at org.springframework.boot.SpringApplication.run(SpringApplication.java:321) ~[spring-boot-4.1.0.jar:4.1.0]
	at org.springframework.boot.SpringApplication.run(SpringApplication.java:1365) ~[spring-boot-4.1.0.jar:4.1.0]
	at org.springframework.boot.SpringApplication.run(SpringApplication.java:1354) ~[spring-boot-4.1.0.jar:4.1.0]
	at com.sparktech.cart_pos_v1_0.Application.main(Application.java:10) ~[classes/:na]
	at java.base/jdk.internal.reflect.DirectMethodHandleAccessor.invoke(DirectMethodHandleAccessor.java:104) ~[na:na]
	at java.base/java.lang.reflect.Method.invoke(Method.java:565) ~[na:na]
	at org.springframework.boot.devtools.restart.RestartLauncher.run(RestartLauncher.java:52) ~[spring-boot-devtools-4.1.0.jar:4.1.0]
Caused by: java.lang.NoClassDefFoundError: com/sparktech/cart_pos_v1_0/Interface/ProductInterface
	at java.base/java.lang.Class.getDeclaredConstructors0(Native Method) ~[na:na]
	at java.base/java.lang.Class.privateGetDeclaredConstructors(Class.java:2985) ~[na:na]
	at java.base/java.lang.Class.getDeclaredConstructors(Class.java:2354) ~[na:na]
	at org.springframework.beans.factory.annotation.AutowiredAnnotationBeanPostProcessor.determineCandidateConstructors(AutowiredAnnotationBeanPostProcessor.java:363) ~[spring-beans-7.0.8.jar:7.0.8]
	... 23 common frames omitted
Caused by: java.lang.ClassNotFoundException: com.sparktech.cart_pos_v1_0.Interface.ProductInterface
	at java.base/jdk.internal.loader.BuiltinClassLoader.loadClass(BuiltinClassLoader.java:580) ~[na:na]
	at java.base/java.lang.ClassLoader.loadClass(ClassLoader.java:490) ~[na:na]
	at java.base/java.lang.Class.forName0(Native Method) ~[na:na]
	at java.base/java.lang.Class.forName(Class.java:547) ~[na:na]
	at org.springframework.boot.devtools.restart.classloader.RestartClassLoader.loadClass(RestartClassLoader.java:123) ~[spring-boot-devtools-4.1.0.jar:4.1.0]
	at java.base/java.lang.ClassLoader.loadClass(ClassLoader.java:490) ~[na:na]
	... 27 common frames omitted

2026-07-26T05:24:19.735+06:00  INFO 10112 --- [CartFlow-POS v1.0] [restartedMain] c.sparktech.cart_pos_v1_0.Application    : Starting Application using Java 25.0.3 with PID 10112 (E:\Advance Java Assignment\CartFlow-POS v1.0\target\classes started by LENOVO in E:\Advance Java Assignment\CartFlow-POS v1.0)
2026-07-26T05:24:19.735+06:00  INFO 10112 --- [CartFlow-POS v1.0] [restartedMain] c.sparktech.cart_pos_v1_0.Application    : No active profile set, falling back to 1 default profile: "default"
2026-07-26T05:24:19.860+06:00  INFO 10112 --- [CartFlow-POS v1.0] [restartedMain] .s.d.r.c.RepositoryConfigurationDelegate : Bootstrapping Spring Data JPA repositories in DEFAULT mode.
2026-07-26T05:24:19.872+06:00  INFO 10112 --- [CartFlow-POS v1.0] [restartedMain] .s.d.r.c.RepositoryConfigurationDelegate : Finished Spring Data repository scanning in 11 ms. Found 2 JPA repository interfaces.
2026-07-26T05:24:19.934+06:00  INFO 10112 --- [CartFlow-POS v1.0] [restartedMain] o.s.boot.tomcat.TomcatWebServer          : Tomcat initialized with port 5782 (http)
2026-07-26T05:24:19.935+06:00  INFO 10112 --- [CartFlow-POS v1.0] [restartedMain] o.apache.catalina.core.StandardService   : Starting service [Tomcat]
2026-07-26T05:24:19.935+06:00  INFO 10112 --- [CartFlow-POS v1.0] [restartedMain] o.apache.catalina.core.StandardEngine    : Starting Servlet engine: [Apache Tomcat/11.0.22]
2026-07-26T05:24:19.957+06:00  INFO 10112 --- [CartFlow-POS v1.0] [restartedMain] b.w.c.s.WebApplicationContextInitializer : Root WebApplicationContext: initialization completed in 220 ms
2026-07-26T05:24:19.995+06:00  INFO 10112 --- [CartFlow-POS v1.0] [restartedMain] org.hibernate.orm.jpa                    : HHH008540: Processing PersistenceUnitInfo [name: default]
2026-07-26T05:24:20.016+06:00  INFO 10112 --- [CartFlow-POS v1.0] [restartedMain] o.s.o.j.p.SpringPersistenceUnitInfo      : No LoadTimeWeaver setup: ignoring JPA class transformer
2026-07-26T05:24:20.016+06:00  INFO 10112 --- [CartFlow-POS v1.0] [restartedMain] com.zaxxer.hikari.HikariDataSource       : HikariPool-9 - Starting...
2026-07-26T05:24:20.033+06:00  INFO 10112 --- [CartFlow-POS v1.0] [restartedMain] com.zaxxer.hikari.pool.HikariPool        : HikariPool-9 - Added connection com.mysql.cj.jdbc.ConnectionImpl@6aab1334
2026-07-26T05:24:20.033+06:00  INFO 10112 --- [CartFlow-POS v1.0] [restartedMain] com.zaxxer.hikari.HikariDataSource       : HikariPool-9 - Start completed.
2026-07-26T05:24:20.035+06:00  INFO 10112 --- [CartFlow-POS v1.0] [restartedMain] org.hibernate.orm.connections.pooling    : HHH10001005: Database info:
	Database JDBC URL [jdbc:mysql://localhost:3306/cartflow_pos]
	Database driver: MySQL Connector/J
	Database dialect: MySQLDialect
	Database version: 8.0.46
	Default catalog/schema: cartflow_pos/undefined
	Autocommit mode: undefined/unknown
	Isolation level: REPEATABLE_READ [default REPEATABLE_READ]
	JDBC fetch size: none
	Pool: DataSourceConnectionProvider
	Minimum pool size: undefined/unknown
	Maximum pool size: undefined/unknown
2026-07-26T05:24:20.073+06:00  INFO 10112 --- [CartFlow-POS v1.0] [restartedMain] org.hibernate.orm.core                   : HHH000489: No JTA platform available (set 'hibernate.transaction.jta.platform' to enable JTA platform integration)
2026-07-26T05:24:20.094+06:00  INFO 10112 --- [CartFlow-POS v1.0] [restartedMain] j.LocalContainerEntityManagerFactoryBean : Initialized JPA EntityManagerFactory for persistence unit 'default'
2026-07-26T05:24:20.170+06:00  WARN 10112 --- [CartFlow-POS v1.0] [restartedMain] JpaBaseConfiguration$JpaWebConfiguration : spring.jpa.open-in-view is enabled by default. Therefore, database queries may be performed during view rendering. Explicitly configure spring.jpa.open-in-view to disable this warning
2026-07-26T05:24:20.293+06:00  INFO 10112 --- [CartFlow-POS v1.0] [restartedMain] o.s.boot.tomcat.TomcatWebServer          : Tomcat started on port 5782 (http) with context path '/'
2026-07-26T05:24:20.295+06:00  INFO 10112 --- [CartFlow-POS v1.0] [restartedMain] c.sparktech.cart_pos_v1_0.Application    : Started Application in 0.592 seconds (process running for 1682.975)
2026-07-26T05:24:20.296+06:00  INFO 10112 --- [CartFlow-POS v1.0] [restartedMain] .ConditionEvaluationDeltaLoggingListener : Condition evaluation unchanged
2026-07-26T05:33:29.238+06:00  INFO 10112 --- [CartFlow-POS v1.0] [SpringApplicationShutdownHook] o.s.boot.tomcat.GracefulShutdown         : Commencing graceful shutdown. Waiting for active requests to complete
2026-07-26T05:33:29.250+06:00  INFO 10112 --- [CartFlow-POS v1.0] [tomcat-shutdown] o.s.boot.tomcat.GracefulShutdown         : Graceful shutdown complete
2026-07-26T05:33:29.253+06:00  INFO 10112 --- [CartFlow-POS v1.0] [SpringApplicationShutdownHook] j.LocalContainerEntityManagerFactoryBean : Closing JPA EntityManagerFactory for persistence unit 'default'
2026-07-26T05:33:29.254+06:00  INFO 10112 --- [CartFlow-POS v1.0] [SpringApplicationShutdownHook] com.zaxxer.hikari.HikariDataSource       : HikariPool-9 - Shutdown initiated...
2026-07-26T05:33:29.259+06:00  INFO 10112 --- [CartFlow-POS v1.0] [SpringApplicationShutdownHook] com.zaxxer.hikari.HikariDataSource       : HikariPool-9 - Shutdown completed.
2026-07-26T05:33:41.051+06:00  INFO 30048 --- [CartFlow-POS v1.0] [restartedMain] c.sparktech.cart_pos_v1_0.Application    : Starting Application using Java 25.0.3 with PID 30048 (E:\Advance Java Assignment\CartFlow-POS v1.0\target\classes started by LENOVO in E:\Advance Java Assignment\CartFlow-POS v1.0)
2026-07-26T05:33:41.055+06:00  INFO 30048 --- [CartFlow-POS v1.0] [restartedMain] c.sparktech.cart_pos_v1_0.Application    : No active profile set, falling back to 1 default profile: "default"
2026-07-26T05:33:41.104+06:00  INFO 30048 --- [CartFlow-POS v1.0] [restartedMain] .e.DevToolsPropertyDefaultsPostProcessor : Devtools property defaults active! Set 'spring.devtools.add-properties' to 'false' to disable
2026-07-26T05:33:41.105+06:00  INFO 30048 --- [CartFlow-POS v1.0] [restartedMain] .e.DevToolsPropertyDefaultsPostProcessor : For additional web related logging consider setting the 'logging.level.web' property to 'DEBUG'
2026-07-26T05:33:41.896+06:00  INFO 30048 --- [CartFlow-POS v1.0] [restartedMain] .s.d.r.c.RepositoryConfigurationDelegate : Bootstrapping Spring Data JPA repositories in DEFAULT mode.
2026-07-26T05:33:42.008+06:00  INFO 30048 --- [CartFlow-POS v1.0] [restartedMain] .s.d.r.c.RepositoryConfigurationDelegate : Finished Spring Data repository scanning in 97 ms. Found 2 JPA repository interfaces.
2026-07-26T05:33:42.834+06:00  INFO 30048 --- [CartFlow-POS v1.0] [restartedMain] o.s.boot.tomcat.TomcatWebServer          : Tomcat initialized with port 5782 (http)
2026-07-26T05:33:42.957+06:00  INFO 30048 --- [CartFlow-POS v1.0] [restartedMain] o.apache.catalina.core.StandardService   : Starting service [Tomcat]
2026-07-26T05:33:42.960+06:00  INFO 30048 --- [CartFlow-POS v1.0] [restartedMain] o.apache.catalina.core.StandardEngine    : Starting Servlet engine: [Apache Tomcat/11.0.22]
2026-07-26T05:33:43.118+06:00  INFO 30048 --- [CartFlow-POS v1.0] [restartedMain] b.w.c.s.WebApplicationContextInitializer : Root WebApplicationContext: initialization completed in 2013 ms
2026-07-26T05:33:43.668+06:00  INFO 30048 --- [CartFlow-POS v1.0] [restartedMain] org.hibernate.orm.jpa                    : HHH008540: Processing PersistenceUnitInfo [name: default]
2026-07-26T05:33:43.829+06:00  INFO 30048 --- [CartFlow-POS v1.0] [restartedMain] org.hibernate.orm.core                   : HHH000001: Hibernate ORM core version 7.4.1.Final
2026-07-26T05:33:45.311+06:00  INFO 30048 --- [CartFlow-POS v1.0] [restartedMain] o.s.o.j.p.SpringPersistenceUnitInfo      : No LoadTimeWeaver setup: ignoring JPA class transformer
2026-07-26T05:33:45.396+06:00  INFO 30048 --- [CartFlow-POS v1.0] [restartedMain] com.zaxxer.hikari.HikariDataSource       : HikariPool-1 - Starting...
2026-07-26T05:33:46.546+06:00  INFO 30048 --- [CartFlow-POS v1.0] [restartedMain] com.zaxxer.hikari.pool.HikariPool        : HikariPool-1 - Added connection com.mysql.cj.jdbc.ConnectionImpl@1da21a5b
2026-07-26T05:33:46.565+06:00  INFO 30048 --- [CartFlow-POS v1.0] [restartedMain] com.zaxxer.hikari.HikariDataSource       : HikariPool-1 - Start completed.
2026-07-26T05:33:46.847+06:00  INFO 30048 --- [CartFlow-POS v1.0] [restartedMain] org.hibernate.orm.connections.pooling    : HHH10001005: Database info:
	Database JDBC URL [jdbc:mysql://localhost:3306/cartflow_pos]
	Database driver: MySQL Connector/J
	Database dialect: MySQLDialect
	Database version: 8.0.46
	Default catalog/schema: cartflow_pos/undefined
	Autocommit mode: undefined/unknown
	Isolation level: REPEATABLE_READ [default REPEATABLE_READ]
	JDBC fetch size: none
	Pool: DataSourceConnectionProvider
	Minimum pool size: undefined/unknown
	Maximum pool size: undefined/unknown
2026-07-26T05:33:49.577+06:00  INFO 30048 --- [CartFlow-POS v1.0] [restartedMain] org.hibernate.orm.core                   : HHH000489: No JTA platform available (set 'hibernate.transaction.jta.platform' to enable JTA platform integration)
2026-07-26T05:33:49.747+06:00  INFO 30048 --- [CartFlow-POS v1.0] [restartedMain] j.LocalContainerEntityManagerFactoryBean : Initialized JPA EntityManagerFactory for persistence unit 'default'
2026-07-26T05:33:49.988+06:00  INFO 30048 --- [CartFlow-POS v1.0] [restartedMain] o.s.d.j.r.query.QueryEnhancerFactories   : Hibernate is in classpath; If applicable, HQL parser will be used.
2026-07-26T05:33:50.605+06:00  WARN 30048 --- [CartFlow-POS v1.0] [restartedMain] JpaBaseConfiguration$JpaWebConfiguration : spring.jpa.open-in-view is enabled by default. Therefore, database queries may be performed during view rendering. Explicitly configure spring.jpa.open-in-view to disable this warning
2026-07-26T05:33:51.735+06:00  INFO 30048 --- [CartFlow-POS v1.0] [restartedMain] o.s.boot.tomcat.TomcatWebServer          : Tomcat started on port 5782 (http) with context path '/'
2026-07-26T05:33:51.747+06:00  INFO 30048 --- [CartFlow-POS v1.0] [restartedMain] c.sparktech.cart_pos_v1_0.Application    : Started Application in 11.133 seconds (process running for 11.884)
2026-07-26T05:35:11.568+06:00  INFO 30048 --- [CartFlow-POS v1.0] [SpringApplicationShutdownHook] o.s.boot.tomcat.GracefulShutdown         : Commencing graceful shutdown. Waiting for active requests to complete
2026-07-26T05:35:11.578+06:00  INFO 30048 --- [CartFlow-POS v1.0] [tomcat-shutdown] o.s.boot.tomcat.GracefulShutdown         : Graceful shutdown complete
2026-07-26T05:35:11.583+06:00  INFO 30048 --- [CartFlow-POS v1.0] [SpringApplicationShutdownHook] j.LocalContainerEntityManagerFactoryBean : Closing JPA EntityManagerFactory for persistence unit 'default'
2026-07-26T05:35:11.587+06:00  INFO 30048 --- [CartFlow-POS v1.0] [SpringApplicationShutdownHook] com.zaxxer.hikari.HikariDataSource       : HikariPool-1 - Shutdown initiated...
2026-07-26T05:35:11.595+06:00  INFO 30048 --- [CartFlow-POS v1.0] [SpringApplicationShutdownHook] com.zaxxer.hikari.HikariDataSource       : HikariPool-1 - Shutdown completed.
2026-07-26T05:35:16.304+06:00  INFO 30428 --- [CartFlow-POS v1.0] [restartedMain] c.sparktech.cart_pos_v1_0.Application    : Starting Application using Java 25.0.3 with PID 30428 (E:\Advance Java Assignment\CartFlow-POS v1.0\target\classes started by LENOVO in E:\Advance Java Assignment\CartFlow-POS v1.0)
2026-07-26T05:35:16.306+06:00  INFO 30428 --- [CartFlow-POS v1.0] [restartedMain] c.sparktech.cart_pos_v1_0.Application    : No active profile set, falling back to 1 default profile: "default"
2026-07-26T05:35:16.352+06:00  INFO 30428 --- [CartFlow-POS v1.0] [restartedMain] .e.DevToolsPropertyDefaultsPostProcessor : Devtools property defaults active! Set 'spring.devtools.add-properties' to 'false' to disable
2026-07-26T05:35:16.352+06:00  INFO 30428 --- [CartFlow-POS v1.0] [restartedMain] .e.DevToolsPropertyDefaultsPostProcessor : For additional web related logging consider setting the 'logging.level.web' property to 'DEBUG'
2026-07-26T05:35:17.077+06:00  INFO 30428 --- [CartFlow-POS v1.0] [restartedMain] .s.d.r.c.RepositoryConfigurationDelegate : Bootstrapping Spring Data JPA repositories in DEFAULT mode.
2026-07-26T05:35:17.137+06:00  INFO 30428 --- [CartFlow-POS v1.0] [restartedMain] .s.d.r.c.RepositoryConfigurationDelegate : Finished Spring Data repository scanning in 46 ms. Found 2 JPA repository interfaces.
2026-07-26T05:35:17.697+06:00  INFO 30428 --- [CartFlow-POS v1.0] [restartedMain] o.s.boot.tomcat.TomcatWebServer          : Tomcat initialized with port 5782 (http)
2026-07-26T05:35:17.711+06:00  INFO 30428 --- [CartFlow-POS v1.0] [restartedMain] o.apache.catalina.core.StandardService   : Starting service [Tomcat]
2026-07-26T05:35:17.712+06:00  INFO 30428 --- [CartFlow-POS v1.0] [restartedMain] o.apache.catalina.core.StandardEngine    : Starting Servlet engine: [Apache Tomcat/11.0.22]
2026-07-26T05:35:17.781+06:00  INFO 30428 --- [CartFlow-POS v1.0] [restartedMain] b.w.c.s.WebApplicationContextInitializer : Root WebApplicationContext: initialization completed in 1428 ms
2026-07-26T05:35:17.987+06:00  INFO 30428 --- [CartFlow-POS v1.0] [restartedMain] org.hibernate.orm.jpa                    : HHH008540: Processing PersistenceUnitInfo [name: default]
2026-07-26T05:35:18.024+06:00  INFO 30428 --- [CartFlow-POS v1.0] [restartedMain] org.hibernate.orm.core                   : HHH000001: Hibernate ORM core version 7.4.1.Final
2026-07-26T05:35:18.511+06:00  INFO 30428 --- [CartFlow-POS v1.0] [restartedMain] o.s.o.j.p.SpringPersistenceUnitInfo      : No LoadTimeWeaver setup: ignoring JPA class transformer
2026-07-26T05:35:18.536+06:00  INFO 30428 --- [CartFlow-POS v1.0] [restartedMain] com.zaxxer.hikari.HikariDataSource       : HikariPool-1 - Starting...
2026-07-26T05:35:18.941+06:00  INFO 30428 --- [CartFlow-POS v1.0] [restartedMain] com.zaxxer.hikari.pool.HikariPool        : HikariPool-1 - Added connection com.mysql.cj.jdbc.ConnectionImpl@7f262b3c
2026-07-26T05:35:18.943+06:00  INFO 30428 --- [CartFlow-POS v1.0] [restartedMain] com.zaxxer.hikari.HikariDataSource       : HikariPool-1 - Start completed.
2026-07-26T05:35:19.026+06:00  INFO 30428 --- [CartFlow-POS v1.0] [restartedMain] org.hibernate.orm.connections.pooling    : HHH10001005: Database info:
	Database JDBC URL [jdbc:mysql://localhost:3306/cartflow_pos]
	Database driver: MySQL Connector/J
	Database dialect: MySQLDialect
	Database version: 8.0.46
	Default catalog/schema: cartflow_pos/undefined
	Autocommit mode: undefined/unknown
	Isolation level: REPEATABLE_READ [default REPEATABLE_READ]
	JDBC fetch size: none
	Pool: DataSourceConnectionProvider
	Minimum pool size: undefined/unknown
	Maximum pool size: undefined/unknown
2026-07-26T05:35:20.124+06:00  INFO 30428 --- [CartFlow-POS v1.0] [restartedMain] org.hibernate.orm.core                   : HHH000489: No JTA platform available (set 'hibernate.transaction.jta.platform' to enable JTA platform integration)
2026-07-26T05:35:20.195+06:00  INFO 30428 --- [CartFlow-POS v1.0] [restartedMain] j.LocalContainerEntityManagerFactoryBean : Initialized JPA EntityManagerFactory for persistence unit 'default'
2026-07-26T05:35:20.344+06:00  INFO 30428 --- [CartFlow-POS v1.0] [restartedMain] o.s.d.j.r.query.QueryEnhancerFactories   : Hibernate is in classpath; If applicable, HQL parser will be used.
2026-07-26T05:35:20.620+06:00  WARN 30428 --- [CartFlow-POS v1.0] [restartedMain] JpaBaseConfiguration$JpaWebConfiguration : spring.jpa.open-in-view is enabled by default. Therefore, database queries may be performed during view rendering. Explicitly configure spring.jpa.open-in-view to disable this warning
2026-07-26T05:35:21.147+06:00  INFO 30428 --- [CartFlow-POS v1.0] [restartedMain] o.s.boot.tomcat.TomcatWebServer          : Tomcat started on port 5782 (http) with context path '/'
2026-07-26T05:35:21.155+06:00  INFO 30428 --- [CartFlow-POS v1.0] [restartedMain] c.sparktech.cart_pos_v1_0.Application    : Started Application in 5.242 seconds (process running for 5.967)
2026-07-26T05:35:39.050+06:00  INFO 30428 --- [CartFlow-POS v1.0] [http-nio-0.0.0.0-5782-exec-1] o.a.c.c.C.[Tomcat].[localhost].[/]       : Initializing Spring DispatcherServlet 'dispatcherServlet'
2026-07-26T05:35:39.051+06:00  INFO 30428 --- [CartFlow-POS v1.0] [http-nio-0.0.0.0-5782-exec-1] o.s.web.servlet.DispatcherServlet        : Initializing Servlet 'dispatcherServlet'
2026-07-26T05:35:39.055+06:00  INFO 30428 --- [CartFlow-POS v1.0] [http-nio-0.0.0.0-5782-exec-1] o.s.web.servlet.DispatcherServlet        : Completed initialization in 4 ms
2026-07-26T05:49:52.109+06:00  INFO 30428 --- [CartFlow-POS v1.0] [SpringApplicationShutdownHook] o.s.boot.tomcat.GracefulShutdown         : Commencing graceful shutdown. Waiting for active requests to complete
2026-07-26T05:49:52.122+06:00  INFO 30428 --- [CartFlow-POS v1.0] [tomcat-shutdown] o.s.boot.tomcat.GracefulShutdown         : Graceful shutdown complete
2026-07-26T05:49:52.142+06:00  INFO 30428 --- [CartFlow-POS v1.0] [SpringApplicationShutdownHook] j.LocalContainerEntityManagerFactoryBean : Closing JPA EntityManagerFactory for persistence unit 'default'
2026-07-26T05:49:52.148+06:00  INFO 30428 --- [CartFlow-POS v1.0] [SpringApplicationShutdownHook] com.zaxxer.hikari.HikariDataSource       : HikariPool-1 - Shutdown initiated...
2026-07-26T05:49:52.156+06:00  INFO 30428 --- [CartFlow-POS v1.0] [SpringApplicationShutdownHook] com.zaxxer.hikari.HikariDataSource       : HikariPool-1 - Shutdown completed.
2026-07-26T14:07:20.433+06:00  INFO 25732 --- [CartFlow-POS v1.0] [restartedMain] c.sparktech.cart_pos_v1_0.Application    : Starting Application using Java 25.0.3 with PID 25732 (E:\Advance Java Assignment\CartFlow-POS v1.0\target\classes started by LENOVO in E:\Advance Java Assignment\CartFlow-POS v1.0)
2026-07-26T14:07:20.453+06:00  INFO 25732 --- [CartFlow-POS v1.0] [restartedMain] c.sparktech.cart_pos_v1_0.Application    : No active profile set, falling back to 1 default profile: "default"
2026-07-26T14:07:21.099+06:00  INFO 25732 --- [CartFlow-POS v1.0] [restartedMain] .e.DevToolsPropertyDefaultsPostProcessor : Devtools property defaults active! Set 'spring.devtools.add-properties' to 'false' to disable
2026-07-26T14:07:21.103+06:00  INFO 25732 --- [CartFlow-POS v1.0] [restartedMain] .e.DevToolsPropertyDefaultsPostProcessor : For additional web related logging consider setting the 'logging.level.web' property to 'DEBUG'
2026-07-26T14:07:26.377+06:00  INFO 25732 --- [CartFlow-POS v1.0] [restartedMain] .s.d.r.c.RepositoryConfigurationDelegate : Bootstrapping Spring Data JPA repositories in DEFAULT mode.
2026-07-26T14:07:26.764+06:00  INFO 25732 --- [CartFlow-POS v1.0] [restartedMain] .s.d.r.c.RepositoryConfigurationDelegate : Finished Spring Data repository scanning in 328 ms. Found 2 JPA repository interfaces.
2026-07-26T14:07:29.450+06:00  INFO 25732 --- [CartFlow-POS v1.0] [restartedMain] o.s.boot.tomcat.TomcatWebServer          : Tomcat initialized with port 5782 (http)
2026-07-26T14:07:29.499+06:00  INFO 25732 --- [CartFlow-POS v1.0] [restartedMain] o.apache.catalina.core.StandardService   : Starting service [Tomcat]
2026-07-26T14:07:29.500+06:00  INFO 25732 --- [CartFlow-POS v1.0] [restartedMain] o.apache.catalina.core.StandardEngine    : Starting Servlet engine: [Apache Tomcat/11.0.22]
2026-07-26T14:07:29.848+06:00  INFO 25732 --- [CartFlow-POS v1.0] [restartedMain] b.w.c.s.WebApplicationContextInitializer : Root WebApplicationContext: initialization completed in 8738 ms
2026-07-26T14:07:30.639+06:00  INFO 25732 --- [CartFlow-POS v1.0] [restartedMain] org.hibernate.orm.jpa                    : HHH008540: Processing PersistenceUnitInfo [name: default]
2026-07-26T14:07:30.951+06:00  INFO 25732 --- [CartFlow-POS v1.0] [restartedMain] org.hibernate.orm.core                   : HHH000001: Hibernate ORM core version 7.4.1.Final
2026-07-26T14:07:33.115+06:00  INFO 25732 --- [CartFlow-POS v1.0] [restartedMain] o.s.o.j.p.SpringPersistenceUnitInfo      : No LoadTimeWeaver setup: ignoring JPA class transformer
2026-07-26T14:07:33.228+06:00  INFO 25732 --- [CartFlow-POS v1.0] [restartedMain] com.zaxxer.hikari.HikariDataSource       : HikariPool-1 - Starting...
2026-07-26T14:07:35.040+06:00  INFO 25732 --- [CartFlow-POS v1.0] [restartedMain] com.zaxxer.hikari.pool.HikariPool        : HikariPool-1 - Added connection com.mysql.cj.jdbc.ConnectionImpl@47ec401c
2026-07-26T14:07:35.044+06:00  INFO 25732 --- [CartFlow-POS v1.0] [restartedMain] com.zaxxer.hikari.HikariDataSource       : HikariPool-1 - Start completed.
2026-07-26T14:07:35.515+06:00  INFO 25732 --- [CartFlow-POS v1.0] [restartedMain] org.hibernate.orm.connections.pooling    : HHH10001005: Database info:
	Database JDBC URL [jdbc:mysql://localhost:3306/cartflow_pos]
	Database driver: MySQL Connector/J
	Database dialect: MySQLDialect
	Database version: 8.0.46
	Default catalog/schema: cartflow_pos/undefined
	Autocommit mode: undefined/unknown
	Isolation level: REPEATABLE_READ [default REPEATABLE_READ]
	JDBC fetch size: none
	Pool: DataSourceConnectionProvider
	Minimum pool size: undefined/unknown
	Maximum pool size: undefined/unknown
2026-07-26T14:07:38.022+06:00  INFO 25732 --- [CartFlow-POS v1.0] [restartedMain] org.hibernate.orm.core                   : HHH000489: No JTA platform available (set 'hibernate.transaction.jta.platform' to enable JTA platform integration)
2026-07-26T14:07:38.126+06:00  INFO 25732 --- [CartFlow-POS v1.0] [restartedMain] j.LocalContainerEntityManagerFactoryBean : Initialized JPA EntityManagerFactory for persistence unit 'default'
2026-07-26T14:07:38.281+06:00  INFO 25732 --- [CartFlow-POS v1.0] [restartedMain] o.s.d.j.r.query.QueryEnhancerFactories   : Hibernate is in classpath; If applicable, HQL parser will be used.
2026-07-26T14:07:38.585+06:00  WARN 25732 --- [CartFlow-POS v1.0] [restartedMain] ConfigServletWebServerApplicationContext : Exception encountered during context initialization - cancelling refresh attempt: org.springframework.beans.factory.UnsatisfiedDependencyException: Error creating bean with name 'saleController' defined in file [E:\Advance Java Assignment\CartFlow-POS v1.0\target\classes\com\sparktech\cart_pos_v1_0\Controller\SaleController.class]: Unsatisfied dependency expressed through constructor parameter 1: Error creating bean with name 'saleInterface' defined in com.sparktech.cart_pos_v1_0.Interface.SaleInterface defined in @EnableJpaRepositories declared on DataJpaRepositoriesRegistrar.EnableJpaRepositoriesConfiguration: No property 'byName' found for type 'Sale'
2026-07-26T14:07:38.586+06:00  INFO 25732 --- [CartFlow-POS v1.0] [restartedMain] j.LocalContainerEntityManagerFactoryBean : Closing JPA EntityManagerFactory for persistence unit 'default'
2026-07-26T14:07:38.590+06:00  INFO 25732 --- [CartFlow-POS v1.0] [restartedMain] com.zaxxer.hikari.HikariDataSource       : HikariPool-1 - Shutdown initiated...
2026-07-26T14:07:38.604+06:00  INFO 25732 --- [CartFlow-POS v1.0] [restartedMain] com.zaxxer.hikari.HikariDataSource       : HikariPool-1 - Shutdown completed.
2026-07-26T14:07:38.606+06:00  INFO 25732 --- [CartFlow-POS v1.0] [restartedMain] o.apache.catalina.core.StandardService   : Stopping service [Tomcat]
2026-07-26T14:07:38.623+06:00  INFO 25732 --- [CartFlow-POS v1.0] [restartedMain] .s.b.a.l.ConditionEvaluationReportLogger : 

Error starting ApplicationContext. To display the condition evaluation report re-run your application with 'debug' enabled.
2026-07-26T14:07:38.645+06:00 ERROR 25732 --- [CartFlow-POS v1.0] [restartedMain] o.s.boot.SpringApplication               : Application run failed

org.springframework.beans.factory.UnsatisfiedDependencyException: Error creating bean with name 'saleController' defined in file [E:\Advance Java Assignment\CartFlow-POS v1.0\target\classes\com\sparktech\cart_pos_v1_0\Controller\SaleController.class]: Unsatisfied dependency expressed through constructor parameter 1: Error creating bean with name 'saleInterface' defined in com.sparktech.cart_pos_v1_0.Interface.SaleInterface defined in @EnableJpaRepositories declared on DataJpaRepositoriesRegistrar.EnableJpaRepositoriesConfiguration: No property 'byName' found for type 'Sale'
	at org.springframework.beans.factory.support.ConstructorResolver.createArgumentArray(ConstructorResolver.java:804) ~[spring-beans-7.0.8.jar:7.0.8]
	at org.springframework.beans.factory.support.ConstructorResolver.autowireConstructor(ConstructorResolver.java:240) ~[spring-beans-7.0.8.jar:7.0.8]
	at org.springframework.beans.factory.support.AbstractAutowireCapableBeanFactory.autowireConstructor(AbstractAutowireCapableBeanFactory.java:1380) ~[spring-beans-7.0.8.jar:7.0.8]
	at org.springframework.beans.factory.support.AbstractAutowireCapableBeanFactory.createBeanInstance(AbstractAutowireCapableBeanFactory.java:1219) ~[spring-beans-7.0.8.jar:7.0.8]
	at org.springframework.beans.factory.support.AbstractAutowireCapableBeanFactory.doCreateBean(AbstractAutowireCapableBeanFactory.java:565) ~[spring-beans-7.0.8.jar:7.0.8]
	at org.springframework.beans.factory.support.AbstractAutowireCapableBeanFactory.createBean(AbstractAutowireCapableBeanFactory.java:525) ~[spring-beans-7.0.8.jar:7.0.8]
	at org.springframework.beans.factory.support.AbstractBeanFactory.lambda$doGetBean$0(AbstractBeanFactory.java:333) ~[spring-beans-7.0.8.jar:7.0.8]
	at org.springframework.beans.factory.support.DefaultSingletonBeanRegistry.getSingleton(DefaultSingletonBeanRegistry.java:371) ~[spring-beans-7.0.8.jar:7.0.8]
	at org.springframework.beans.factory.support.AbstractBeanFactory.doGetBean(AbstractBeanFactory.java:331) ~[spring-beans-7.0.8.jar:7.0.8]
	at org.springframework.beans.factory.support.AbstractBeanFactory.getBean(AbstractBeanFactory.java:196) ~[spring-beans-7.0.8.jar:7.0.8]
	at org.springframework.beans.factory.support.DefaultListableBeanFactory.instantiateSingleton(DefaultListableBeanFactory.java:1225) ~[spring-beans-7.0.8.jar:7.0.8]
	at org.springframework.beans.factory.support.DefaultListableBeanFactory.preInstantiateSingleton(DefaultListableBeanFactory.java:1191) ~[spring-beans-7.0.8.jar:7.0.8]
	at org.springframework.beans.factory.support.DefaultListableBeanFactory.preInstantiateSingletons(DefaultListableBeanFactory.java:1121) ~[spring-beans-7.0.8.jar:7.0.8]
	at org.springframework.context.support.AbstractApplicationContext.finishBeanFactoryInitialization(AbstractApplicationContext.java:994) ~[spring-context-7.0.8.jar:7.0.8]
	at org.springframework.context.support.AbstractApplicationContext.refresh(AbstractApplicationContext.java:621) ~[spring-context-7.0.8.jar:7.0.8]
	at org.springframework.boot.web.server.servlet.context.ServletWebServerApplicationContext.refresh(ServletWebServerApplicationContext.java:143) ~[spring-boot-web-server-4.1.0.jar:4.1.0]
	at org.springframework.boot.SpringApplication.refresh(SpringApplication.java:756) ~[spring-boot-4.1.0.jar:4.1.0]
	at org.springframework.boot.SpringApplication.refreshContext(SpringApplication.java:445) ~[spring-boot-4.1.0.jar:4.1.0]
	at org.springframework.boot.SpringApplication.run(SpringApplication.java:321) ~[spring-boot-4.1.0.jar:4.1.0]
	at org.springframework.boot.SpringApplication.run(SpringApplication.java:1365) ~[spring-boot-4.1.0.jar:4.1.0]
	at org.springframework.boot.SpringApplication.run(SpringApplication.java:1354) ~[spring-boot-4.1.0.jar:4.1.0]
	at com.sparktech.cart_pos_v1_0.Application.main(Application.java:10) ~[classes/:na]
	at java.base/jdk.internal.reflect.DirectMethodHandleAccessor.invoke(DirectMethodHandleAccessor.java:104) ~[na:na]
	at java.base/java.lang.reflect.Method.invoke(Method.java:565) ~[na:na]
	at org.springframework.boot.devtools.restart.RestartLauncher.run(RestartLauncher.java:52) ~[spring-boot-devtools-4.1.0.jar:4.1.0]
Caused by: org.springframework.beans.factory.BeanCreationException: Error creating bean with name 'saleInterface' defined in com.sparktech.cart_pos_v1_0.Interface.SaleInterface defined in @EnableJpaRepositories declared on DataJpaRepositoriesRegistrar.EnableJpaRepositoriesConfiguration: No property 'byName' found for type 'Sale'
	at org.springframework.beans.factory.support.AbstractAutowireCapableBeanFactory.initializeBean(AbstractAutowireCapableBeanFactory.java:1815) ~[spring-beans-7.0.8.jar:7.0.8]
	at org.springframework.beans.factory.support.AbstractAutowireCapableBeanFactory.doCreateBean(AbstractAutowireCapableBeanFactory.java:603) ~[spring-beans-7.0.8.jar:7.0.8]
	at org.springframework.beans.factory.support.AbstractAutowireCapableBeanFactory.createBean(AbstractAutowireCapableBeanFactory.java:525) ~[spring-beans-7.0.8.jar:7.0.8]
	at org.springframework.beans.factory.support.AbstractBeanFactory.lambda$doGetBean$0(AbstractBeanFactory.java:333) ~[spring-beans-7.0.8.jar:7.0.8]
	at org.springframework.beans.factory.support.DefaultSingletonBeanRegistry.getSingleton(DefaultSingletonBeanRegistry.java:371) ~[spring-beans-7.0.8.jar:7.0.8]
	at org.springframework.beans.factory.support.AbstractBeanFactory.doGetBean(AbstractBeanFactory.java:331) ~[spring-beans-7.0.8.jar:7.0.8]
	at org.springframework.beans.factory.support.AbstractBeanFactory.getBean(AbstractBeanFactory.java:201) ~[spring-beans-7.0.8.jar:7.0.8]
	at org.springframework.beans.factory.support.DefaultListableBeanFactory.resolveBean(DefaultListableBeanFactory.java:1232) ~[spring-beans-7.0.8.jar:7.0.8]
	at org.springframework.beans.factory.support.DefaultListableBeanFactory.doResolveDependency(DefaultListableBeanFactory.java:1711) ~[spring-beans-7.0.8.jar:7.0.8]
	at org.springframework.beans.factory.support.DefaultListableBeanFactory.resolveDependency(DefaultListableBeanFactory.java:1658) ~[spring-beans-7.0.8.jar:7.0.8]
	at org.springframework.beans.factory.support.ConstructorResolver.resolveAutowiredArgument(ConstructorResolver.java:912) ~[spring-beans-7.0.8.jar:7.0.8]
	at org.springframework.beans.factory.support.ConstructorResolver.createArgumentArray(ConstructorResolver.java:791) ~[spring-beans-7.0.8.jar:7.0.8]
	... 24 common frames omitted
Caused by: org.springframework.data.repository.query.QueryCreationException: Cannot create query for method [SaleInterface.findByByNameContainingIgnoreCaseOrCategoryContainingIgnoreCase(java.lang.String,java.lang.String)]; No property 'byName' found for type 'Sale'
	at org.springframework.data.repository.query.QueryCreationException.create(QueryCreationException.java:109) ~[spring-data-commons-4.1.0.jar:4.1.0]
	at org.springframework.data.jpa.repository.query.PartTreeJpaQuery.<init>(PartTreeJpaQuery.java:114) ~[spring-data-jpa-4.1.0.jar:4.1.0]
	at org.springframework.data.jpa.repository.query.JpaQueryLookupStrategy$CreateQueryLookupStrategy.resolveQuery(JpaQueryLookupStrategy.java:118) ~[spring-data-jpa-4.1.0.jar:4.1.0]
	at org.springframework.data.jpa.repository.query.JpaQueryLookupStrategy$CreateIfNotFoundQueryLookupStrategy.resolveQuery(JpaQueryLookupStrategy.java:291) ~[spring-data-jpa-4.1.0.jar:4.1.0]
	at org.springframework.data.jpa.repository.query.JpaQueryLookupStrategy$AbstractQueryLookupStrategy.resolveQuery(JpaQueryLookupStrategy.java:93) ~[spring-data-jpa-4.1.0.jar:4.1.0]
	at org.springframework.data.repository.core.support.QueryExecutorMethodInterceptor.lookupQuery(QueryExecutorMethodInterceptor.java:114) ~[spring-data-commons-4.1.0.jar:4.1.0]
	at org.springframework.data.repository.core.support.QueryExecutorMethodInterceptor.mapMethodsToQuery(QueryExecutorMethodInterceptor.java:102) ~[spring-data-commons-4.1.0.jar:4.1.0]
	at org.springframework.data.repository.core.support.QueryExecutorMethodInterceptor.<init>(QueryExecutorMethodInterceptor.java:90) ~[spring-data-commons-4.1.0.jar:4.1.0]
	at org.springframework.data.repository.core.support.RepositoryFactorySupport.getRepository(RepositoryFactorySupport.java:413) ~[spring-data-commons-4.1.0.jar:4.1.0]
	at org.springframework.data.repository.core.support.RepositoryFactoryBeanSupport.lambda$afterPropertiesSet$1(RepositoryFactoryBeanSupport.java:361) ~[spring-data-commons-4.1.0.jar:4.1.0]
	at org.springframework.data.util.Lazy.getNullable(Lazy.java:136) ~[spring-data-commons-4.1.0.jar:4.1.0]
	at org.springframework.data.util.Lazy.get(Lazy.java:114) ~[spring-data-commons-4.1.0.jar:4.1.0]
	at org.springframework.data.repository.core.support.RepositoryFactoryBeanSupport.afterPropertiesSet(RepositoryFactoryBeanSupport.java:370) ~[spring-data-commons-4.1.0.jar:4.1.0]
	at org.springframework.data.jpa.repository.support.JpaRepositoryFactoryBean.afterPropertiesSet(JpaRepositoryFactoryBean.java:212) ~[spring-data-jpa-4.1.0.jar:4.1.0]
	at org.springframework.beans.factory.support.AbstractAutowireCapableBeanFactory.invokeInitMethods(AbstractAutowireCapableBeanFactory.java:1862) ~[spring-beans-7.0.8.jar:7.0.8]
	at org.springframework.beans.factory.support.AbstractAutowireCapableBeanFactory.initializeBean(AbstractAutowireCapableBeanFactory.java:1811) ~[spring-beans-7.0.8.jar:7.0.8]
	... 35 common frames omitted
Caused by: org.springframework.data.core.PropertyReferenceException: No property 'byName' found for type 'Sale'
	at org.springframework.data.core.SimplePropertyPath.<init>(SimplePropertyPath.java:94) ~[spring-data-commons-4.1.0.jar:4.1.0]
	at org.springframework.data.core.SimplePropertyPath.create(SimplePropertyPath.java:322) ~[spring-data-commons-4.1.0.jar:4.1.0]
	at org.springframework.data.core.SimplePropertyPath.create(SimplePropertyPath.java:297) ~[spring-data-commons-4.1.0.jar:4.1.0]
	at org.springframework.data.core.SimplePropertyPath.lambda$from$0(SimplePropertyPath.java:250) ~[spring-data-commons-4.1.0.jar:4.1.0]
	at org.springframework.util.ConcurrentReferenceHashMap$6.execute(ConcurrentReferenceHashMap.java:387) ~[spring-core-7.0.8.jar:7.0.8]
	at org.springframework.util.ConcurrentReferenceHashMap$Segment.doTask(ConcurrentReferenceHashMap.java:688) ~[spring-core-7.0.8.jar:7.0.8]
	at org.springframework.util.ConcurrentReferenceHashMap.doTask(ConcurrentReferenceHashMap.java:572) ~[spring-core-7.0.8.jar:7.0.8]
	at org.springframework.util.ConcurrentReferenceHashMap.computeIfAbsent(ConcurrentReferenceHashMap.java:381) ~[spring-core-7.0.8.jar:7.0.8]
	at org.springframework.data.core.SimplePropertyPath.from(SimplePropertyPath.java:228) ~[spring-data-commons-4.1.0.jar:4.1.0]
	at org.springframework.data.core.PropertyPath.from(PropertyPath.java:264) ~[spring-data-commons-4.1.0.jar:4.1.0]
	at org.springframework.data.core.PropertyPath.from(PropertyPath.java:247) ~[spring-data-commons-4.1.0.jar:4.1.0]
	at org.springframework.data.repository.query.parser.Part.<init>(Part.java:81) ~[spring-data-commons-4.1.0.jar:4.1.0]
	at org.springframework.data.repository.query.parser.PartTree$OrPart.lambda$new$0(PartTree.java:260) ~[spring-data-commons-4.1.0.jar:4.1.0]
	at java.base/java.util.stream.ReferencePipeline$3$1.accept(ReferencePipeline.java:214) ~[na:na]
	at java.base/java.util.stream.ReferencePipeline$2$1.accept(ReferencePipeline.java:197) ~[na:na]
	at java.base/java.util.Spliterators$ArraySpliterator.forEachRemaining(Spliterators.java:1024) ~[na:na]
	at java.base/java.util.stream.AbstractPipeline.copyInto(AbstractPipeline.java:570) ~[na:na]
	at java.base/java.util.stream.AbstractPipeline.wrapAndCopyInto(AbstractPipeline.java:560) ~[na:na]
	at java.base/java.util.stream.ReduceOps$ReduceOp.evaluateSequential(ReduceOps.java:921) ~[na:na]
	at java.base/java.util.stream.AbstractPipeline.evaluate(AbstractPipeline.java:265) ~[na:na]
	at java.base/java.util.stream.ReferencePipeline.collect(ReferencePipeline.java:723) ~[na:na]
	at org.springframework.data.repository.query.parser.PartTree$OrPart.<init>(PartTree.java:261) ~[spring-data-commons-4.1.0.jar:4.1.0]
	at org.springframework.data.repository.query.parser.PartTree$Predicate.lambda$new$0(PartTree.java:390) ~[spring-data-commons-4.1.0.jar:4.1.0]
	at java.base/java.util.stream.ReferencePipeline$3$1.accept(ReferencePipeline.java:214) ~[na:na]
	at java.base/java.util.stream.ReferencePipeline$2$1.accept(ReferencePipeline.java:197) ~[na:na]
	at java.base/java.util.Spliterators$ArraySpliterator.forEachRemaining(Spliterators.java:1024) ~[na:na]
	at java.base/java.util.stream.AbstractPipeline.copyInto(AbstractPipeline.java:570) ~[na:na]
	at java.base/java.util.stream.AbstractPipeline.wrapAndCopyInto(AbstractPipeline.java:560) ~[na:na]
	at java.base/java.util.stream.ReduceOps$ReduceOp.evaluateSequential(ReduceOps.java:921) ~[na:na]
	at java.base/java.util.stream.AbstractPipeline.evaluate(AbstractPipeline.java:265) ~[na:na]
	at java.base/java.util.stream.ReferencePipeline.collect(ReferencePipeline.java:723) ~[na:na]
	at org.springframework.data.repository.query.parser.PartTree$Predicate.<init>(PartTree.java:391) ~[spring-data-commons-4.1.0.jar:4.1.0]
	at org.springframework.data.repository.query.parser.PartTree.<init>(PartTree.java:104) ~[spring-data-commons-4.1.0.jar:4.1.0]
	at org.springframework.data.jpa.repository.query.PartTreeJpaQuery.<init>(PartTreeJpaQuery.java:108) ~[spring-data-jpa-4.1.0.jar:4.1.0]
	... 49 common frames omitted

2026-07-26T14:08:10.266+06:00  INFO 24244 --- [CartFlow-POS v1.0] [restartedMain] c.sparktech.cart_pos_v1_0.Application    : Starting Application using Java 25.0.3 with PID 24244 (E:\Advance Java Assignment\CartFlow-POS v1.0\target\classes started by LENOVO in E:\Advance Java Assignment\CartFlow-POS v1.0)
2026-07-26T14:08:10.271+06:00  INFO 24244 --- [CartFlow-POS v1.0] [restartedMain] c.sparktech.cart_pos_v1_0.Application    : No active profile set, falling back to 1 default profile: "default"
2026-07-26T14:08:10.356+06:00  INFO 24244 --- [CartFlow-POS v1.0] [restartedMain] .e.DevToolsPropertyDefaultsPostProcessor : Devtools property defaults active! Set 'spring.devtools.add-properties' to 'false' to disable
2026-07-26T14:08:10.357+06:00  INFO 24244 --- [CartFlow-POS v1.0] [restartedMain] .e.DevToolsPropertyDefaultsPostProcessor : For additional web related logging consider setting the 'logging.level.web' property to 'DEBUG'
2026-07-26T14:08:11.245+06:00  INFO 24244 --- [CartFlow-POS v1.0] [restartedMain] .s.d.r.c.RepositoryConfigurationDelegate : Bootstrapping Spring Data JPA repositories in DEFAULT mode.
2026-07-26T14:08:11.322+06:00  INFO 24244 --- [CartFlow-POS v1.0] [restartedMain] .s.d.r.c.RepositoryConfigurationDelegate : Finished Spring Data repository scanning in 63 ms. Found 2 JPA repository interfaces.
2026-07-26T14:08:11.867+06:00  INFO 24244 --- [CartFlow-POS v1.0] [restartedMain] o.s.boot.tomcat.TomcatWebServer          : Tomcat initialized with port 5782 (http)
2026-07-26T14:08:11.890+06:00  INFO 24244 --- [CartFlow-POS v1.0] [restartedMain] o.apache.catalina.core.StandardService   : Starting service [Tomcat]
2026-07-26T14:08:11.891+06:00  INFO 24244 --- [CartFlow-POS v1.0] [restartedMain] o.apache.catalina.core.StandardEngine    : Starting Servlet engine: [Apache Tomcat/11.0.22]
2026-07-26T14:08:11.966+06:00  INFO 24244 --- [CartFlow-POS v1.0] [restartedMain] b.w.c.s.WebApplicationContextInitializer : Root WebApplicationContext: initialization completed in 1608 ms
2026-07-26T14:08:12.184+06:00  INFO 24244 --- [CartFlow-POS v1.0] [restartedMain] org.hibernate.orm.jpa                    : HHH008540: Processing PersistenceUnitInfo [name: default]
2026-07-26T14:08:12.235+06:00  INFO 24244 --- [CartFlow-POS v1.0] [restartedMain] org.hibernate.orm.core                   : HHH000001: Hibernate ORM core version 7.4.1.Final
2026-07-26T14:08:12.764+06:00  INFO 24244 --- [CartFlow-POS v1.0] [restartedMain] o.s.o.j.p.SpringPersistenceUnitInfo      : No LoadTimeWeaver setup: ignoring JPA class transformer
2026-07-26T14:08:12.793+06:00  INFO 24244 --- [CartFlow-POS v1.0] [restartedMain] com.zaxxer.hikari.HikariDataSource       : HikariPool-1 - Starting...
2026-07-26T14:08:13.226+06:00  INFO 24244 --- [CartFlow-POS v1.0] [restartedMain] com.zaxxer.hikari.pool.HikariPool        : HikariPool-1 - Added connection com.mysql.cj.jdbc.ConnectionImpl@7b0bfa76
2026-07-26T14:08:13.229+06:00  INFO 24244 --- [CartFlow-POS v1.0] [restartedMain] com.zaxxer.hikari.HikariDataSource       : HikariPool-1 - Start completed.
2026-07-26T14:08:13.334+06:00  INFO 24244 --- [CartFlow-POS v1.0] [restartedMain] org.hibernate.orm.connections.pooling    : HHH10001005: Database info:
	Database JDBC URL [jdbc:mysql://localhost:3306/cartflow_pos]
	Database driver: MySQL Connector/J
	Database dialect: MySQLDialect
	Database version: 8.0.46
	Default catalog/schema: cartflow_pos/undefined
	Autocommit mode: undefined/unknown
	Isolation level: REPEATABLE_READ [default REPEATABLE_READ]
	JDBC fetch size: none
	Pool: DataSourceConnectionProvider
	Minimum pool size: undefined/unknown
	Maximum pool size: undefined/unknown
2026-07-26T14:08:14.555+06:00  INFO 24244 --- [CartFlow-POS v1.0] [restartedMain] org.hibernate.orm.core                   : HHH000489: No JTA platform available (set 'hibernate.transaction.jta.platform' to enable JTA platform integration)
2026-07-26T14:08:14.647+06:00  INFO 24244 --- [CartFlow-POS v1.0] [restartedMain] j.LocalContainerEntityManagerFactoryBean : Initialized JPA EntityManagerFactory for persistence unit 'default'
2026-07-26T14:08:14.747+06:00  INFO 24244 --- [CartFlow-POS v1.0] [restartedMain] o.s.d.j.r.query.QueryEnhancerFactories   : Hibernate is in classpath; If applicable, HQL parser will be used.
2026-07-26T14:08:14.965+06:00  WARN 24244 --- [CartFlow-POS v1.0] [restartedMain] ConfigServletWebServerApplicationContext : Exception encountered during context initialization - cancelling refresh attempt: org.springframework.beans.factory.UnsatisfiedDependencyException: Error creating bean with name 'saleController' defined in file [E:\Advance Java Assignment\CartFlow-POS v1.0\target\classes\com\sparktech\cart_pos_v1_0\Controller\SaleController.class]: Unsatisfied dependency expressed through constructor parameter 1: Error creating bean with name 'saleInterface' defined in com.sparktech.cart_pos_v1_0.Interface.SaleInterface defined in @EnableJpaRepositories declared on DataJpaRepositoriesRegistrar.EnableJpaRepositoriesConfiguration: No property 'byName' found for type 'Sale'
2026-07-26T14:08:14.967+06:00  INFO 24244 --- [CartFlow-POS v1.0] [restartedMain] j.LocalContainerEntityManagerFactoryBean : Closing JPA EntityManagerFactory for persistence unit 'default'
2026-07-26T14:08:14.972+06:00  INFO 24244 --- [CartFlow-POS v1.0] [restartedMain] com.zaxxer.hikari.HikariDataSource       : HikariPool-1 - Shutdown initiated...
2026-07-26T14:08:14.981+06:00  INFO 24244 --- [CartFlow-POS v1.0] [restartedMain] com.zaxxer.hikari.HikariDataSource       : HikariPool-1 - Shutdown completed.
2026-07-26T14:08:14.984+06:00  INFO 24244 --- [CartFlow-POS v1.0] [restartedMain] o.apache.catalina.core.StandardService   : Stopping service [Tomcat]
2026-07-26T14:08:14.999+06:00  INFO 24244 --- [CartFlow-POS v1.0] [restartedMain] .s.b.a.l.ConditionEvaluationReportLogger : 

Error starting ApplicationContext. To display the condition evaluation report re-run your application with 'debug' enabled.
2026-07-26T14:08:15.014+06:00 ERROR 24244 --- [CartFlow-POS v1.0] [restartedMain] o.s.boot.SpringApplication               : Application run failed

org.springframework.beans.factory.UnsatisfiedDependencyException: Error creating bean with name 'saleController' defined in file [E:\Advance Java Assignment\CartFlow-POS v1.0\target\classes\com\sparktech\cart_pos_v1_0\Controller\SaleController.class]: Unsatisfied dependency expressed through constructor parameter 1: Error creating bean with name 'saleInterface' defined in com.sparktech.cart_pos_v1_0.Interface.SaleInterface defined in @EnableJpaRepositories declared on DataJpaRepositoriesRegistrar.EnableJpaRepositoriesConfiguration: No property 'byName' found for type 'Sale'
	at org.springframework.beans.factory.support.ConstructorResolver.createArgumentArray(ConstructorResolver.java:804) ~[spring-beans-7.0.8.jar:7.0.8]
	at org.springframework.beans.factory.support.ConstructorResolver.autowireConstructor(ConstructorResolver.java:240) ~[spring-beans-7.0.8.jar:7.0.8]
	at org.springframework.beans.factory.support.AbstractAutowireCapableBeanFactory.autowireConstructor(AbstractAutowireCapableBeanFactory.java:1380) ~[spring-beans-7.0.8.jar:7.0.8]
	at org.springframework.beans.factory.support.AbstractAutowireCapableBeanFactory.createBeanInstance(AbstractAutowireCapableBeanFactory.java:1219) ~[spring-beans-7.0.8.jar:7.0.8]
	at org.springframework.beans.factory.support.AbstractAutowireCapableBeanFactory.doCreateBean(AbstractAutowireCapableBeanFactory.java:565) ~[spring-beans-7.0.8.jar:7.0.8]
	at org.springframework.beans.factory.support.AbstractAutowireCapableBeanFactory.createBean(AbstractAutowireCapableBeanFactory.java:525) ~[spring-beans-7.0.8.jar:7.0.8]
	at org.springframework.beans.factory.support.AbstractBeanFactory.lambda$doGetBean$0(AbstractBeanFactory.java:333) ~[spring-beans-7.0.8.jar:7.0.8]
	at org.springframework.beans.factory.support.DefaultSingletonBeanRegistry.getSingleton(DefaultSingletonBeanRegistry.java:371) ~[spring-beans-7.0.8.jar:7.0.8]
	at org.springframework.beans.factory.support.AbstractBeanFactory.doGetBean(AbstractBeanFactory.java:331) ~[spring-beans-7.0.8.jar:7.0.8]
	at org.springframework.beans.factory.support.AbstractBeanFactory.getBean(AbstractBeanFactory.java:196) ~[spring-beans-7.0.8.jar:7.0.8]
	at org.springframework.beans.factory.support.DefaultListableBeanFactory.instantiateSingleton(DefaultListableBeanFactory.java:1225) ~[spring-beans-7.0.8.jar:7.0.8]
	at org.springframework.beans.factory.support.DefaultListableBeanFactory.preInstantiateSingleton(DefaultListableBeanFactory.java:1191) ~[spring-beans-7.0.8.jar:7.0.8]
	at org.springframework.beans.factory.support.DefaultListableBeanFactory.preInstantiateSingletons(DefaultListableBeanFactory.java:1121) ~[spring-beans-7.0.8.jar:7.0.8]
	at org.springframework.context.support.AbstractApplicationContext.finishBeanFactoryInitialization(AbstractApplicationContext.java:994) ~[spring-context-7.0.8.jar:7.0.8]
	at org.springframework.context.support.AbstractApplicationContext.refresh(AbstractApplicationContext.java:621) ~[spring-context-7.0.8.jar:7.0.8]
	at org.springframework.boot.web.server.servlet.context.ServletWebServerApplicationContext.refresh(ServletWebServerApplicationContext.java:143) ~[spring-boot-web-server-4.1.0.jar:4.1.0]
	at org.springframework.boot.SpringApplication.refresh(SpringApplication.java:756) ~[spring-boot-4.1.0.jar:4.1.0]
	at org.springframework.boot.SpringApplication.refreshContext(SpringApplication.java:445) ~[spring-boot-4.1.0.jar:4.1.0]
	at org.springframework.boot.SpringApplication.run(SpringApplication.java:321) ~[spring-boot-4.1.0.jar:4.1.0]
	at org.springframework.boot.SpringApplication.run(SpringApplication.java:1365) ~[spring-boot-4.1.0.jar:4.1.0]
	at org.springframework.boot.SpringApplication.run(SpringApplication.java:1354) ~[spring-boot-4.1.0.jar:4.1.0]
	at com.sparktech.cart_pos_v1_0.Application.main(Application.java:10) ~[classes/:na]
	at java.base/jdk.internal.reflect.DirectMethodHandleAccessor.invoke(DirectMethodHandleAccessor.java:104) ~[na:na]
	at java.base/java.lang.reflect.Method.invoke(Method.java:565) ~[na:na]
	at org.springframework.boot.devtools.restart.RestartLauncher.run(RestartLauncher.java:52) ~[spring-boot-devtools-4.1.0.jar:4.1.0]
Caused by: org.springframework.beans.factory.BeanCreationException: Error creating bean with name 'saleInterface' defined in com.sparktech.cart_pos_v1_0.Interface.SaleInterface defined in @EnableJpaRepositories declared on DataJpaRepositoriesRegistrar.EnableJpaRepositoriesConfiguration: No property 'byName' found for type 'Sale'
	at org.springframework.beans.factory.support.AbstractAutowireCapableBeanFactory.initializeBean(AbstractAutowireCapableBeanFactory.java:1815) ~[spring-beans-7.0.8.jar:7.0.8]
	at org.springframework.beans.factory.support.AbstractAutowireCapableBeanFactory.doCreateBean(AbstractAutowireCapableBeanFactory.java:603) ~[spring-beans-7.0.8.jar:7.0.8]
	at org.springframework.beans.factory.support.AbstractAutowireCapableBeanFactory.createBean(AbstractAutowireCapableBeanFactory.java:525) ~[spring-beans-7.0.8.jar:7.0.8]
	at org.springframework.beans.factory.support.AbstractBeanFactory.lambda$doGetBean$0(AbstractBeanFactory.java:333) ~[spring-beans-7.0.8.jar:7.0.8]
	at org.springframework.beans.factory.support.DefaultSingletonBeanRegistry.getSingleton(DefaultSingletonBeanRegistry.java:371) ~[spring-beans-7.0.8.jar:7.0.8]
	at org.springframework.beans.factory.support.AbstractBeanFactory.doGetBean(AbstractBeanFactory.java:331) ~[spring-beans-7.0.8.jar:7.0.8]
	at org.springframework.beans.factory.support.AbstractBeanFactory.getBean(AbstractBeanFactory.java:201) ~[spring-beans-7.0.8.jar:7.0.8]
	at org.springframework.beans.factory.support.DefaultListableBeanFactory.resolveBean(DefaultListableBeanFactory.java:1232) ~[spring-beans-7.0.8.jar:7.0.8]
	at org.springframework.beans.factory.support.DefaultListableBeanFactory.doResolveDependency(DefaultListableBeanFactory.java:1711) ~[spring-beans-7.0.8.jar:7.0.8]
	at org.springframework.beans.factory.support.DefaultListableBeanFactory.resolveDependency(DefaultListableBeanFactory.java:1658) ~[spring-beans-7.0.8.jar:7.0.8]
	at org.springframework.beans.factory.support.ConstructorResolver.resolveAutowiredArgument(ConstructorResolver.java:912) ~[spring-beans-7.0.8.jar:7.0.8]
	at org.springframework.beans.factory.support.ConstructorResolver.createArgumentArray(ConstructorResolver.java:791) ~[spring-beans-7.0.8.jar:7.0.8]
	... 24 common frames omitted
Caused by: org.springframework.data.repository.query.QueryCreationException: Cannot create query for method [SaleInterface.findByByNameContainingIgnoreCaseOrCategoryContainingIgnoreCase(java.lang.String,java.lang.String)]; No property 'byName' found for type 'Sale'
	at org.springframework.data.repository.query.QueryCreationException.create(QueryCreationException.java:109) ~[spring-data-commons-4.1.0.jar:4.1.0]
	at org.springframework.data.jpa.repository.query.PartTreeJpaQuery.<init>(PartTreeJpaQuery.java:114) ~[spring-data-jpa-4.1.0.jar:4.1.0]
	at org.springframework.data.jpa.repository.query.JpaQueryLookupStrategy$CreateQueryLookupStrategy.resolveQuery(JpaQueryLookupStrategy.java:118) ~[spring-data-jpa-4.1.0.jar:4.1.0]
	at org.springframework.data.jpa.repository.query.JpaQueryLookupStrategy$CreateIfNotFoundQueryLookupStrategy.resolveQuery(JpaQueryLookupStrategy.java:291) ~[spring-data-jpa-4.1.0.jar:4.1.0]
	at org.springframework.data.jpa.repository.query.JpaQueryLookupStrategy$AbstractQueryLookupStrategy.resolveQuery(JpaQueryLookupStrategy.java:93) ~[spring-data-jpa-4.1.0.jar:4.1.0]
	at org.springframework.data.repository.core.support.QueryExecutorMethodInterceptor.lookupQuery(QueryExecutorMethodInterceptor.java:114) ~[spring-data-commons-4.1.0.jar:4.1.0]
	at org.springframework.data.repository.core.support.QueryExecutorMethodInterceptor.mapMethodsToQuery(QueryExecutorMethodInterceptor.java:102) ~[spring-data-commons-4.1.0.jar:4.1.0]
	at org.springframework.data.repository.core.support.QueryExecutorMethodInterceptor.<init>(QueryExecutorMethodInterceptor.java:90) ~[spring-data-commons-4.1.0.jar:4.1.0]
	at org.springframework.data.repository.core.support.RepositoryFactorySupport.getRepository(RepositoryFactorySupport.java:413) ~[spring-data-commons-4.1.0.jar:4.1.0]
	at org.springframework.data.repository.core.support.RepositoryFactoryBeanSupport.lambda$afterPropertiesSet$1(RepositoryFactoryBeanSupport.java:361) ~[spring-data-commons-4.1.0.jar:4.1.0]
	at org.springframework.data.util.Lazy.getNullable(Lazy.java:136) ~[spring-data-commons-4.1.0.jar:4.1.0]
	at org.springframework.data.util.Lazy.get(Lazy.java:114) ~[spring-data-commons-4.1.0.jar:4.1.0]
	at org.springframework.data.repository.core.support.RepositoryFactoryBeanSupport.afterPropertiesSet(RepositoryFactoryBeanSupport.java:370) ~[spring-data-commons-4.1.0.jar:4.1.0]
	at org.springframework.data.jpa.repository.support.JpaRepositoryFactoryBean.afterPropertiesSet(JpaRepositoryFactoryBean.java:212) ~[spring-data-jpa-4.1.0.jar:4.1.0]
	at org.springframework.beans.factory.support.AbstractAutowireCapableBeanFactory.invokeInitMethods(AbstractAutowireCapableBeanFactory.java:1862) ~[spring-beans-7.0.8.jar:7.0.8]
	at org.springframework.beans.factory.support.AbstractAutowireCapableBeanFactory.initializeBean(AbstractAutowireCapableBeanFactory.java:1811) ~[spring-beans-7.0.8.jar:7.0.8]
	... 35 common frames omitted
Caused by: org.springframework.data.core.PropertyReferenceException: No property 'byName' found for type 'Sale'
	at org.springframework.data.core.SimplePropertyPath.<init>(SimplePropertyPath.java:94) ~[spring-data-commons-4.1.0.jar:4.1.0]
	at org.springframework.data.core.SimplePropertyPath.create(SimplePropertyPath.java:322) ~[spring-data-commons-4.1.0.jar:4.1.0]
	at org.springframework.data.core.SimplePropertyPath.create(SimplePropertyPath.java:297) ~[spring-data-commons-4.1.0.jar:4.1.0]
	at org.springframework.data.core.SimplePropertyPath.lambda$from$0(SimplePropertyPath.java:250) ~[spring-data-commons-4.1.0.jar:4.1.0]
	at org.springframework.util.ConcurrentReferenceHashMap$6.execute(ConcurrentReferenceHashMap.java:387) ~[spring-core-7.0.8.jar:7.0.8]
	at org.springframework.util.ConcurrentReferenceHashMap$Segment.doTask(ConcurrentReferenceHashMap.java:688) ~[spring-core-7.0.8.jar:7.0.8]
	at org.springframework.util.ConcurrentReferenceHashMap.doTask(ConcurrentReferenceHashMap.java:572) ~[spring-core-7.0.8.jar:7.0.8]
	at org.springframework.util.ConcurrentReferenceHashMap.computeIfAbsent(ConcurrentReferenceHashMap.java:381) ~[spring-core-7.0.8.jar:7.0.8]
	at org.springframework.data.core.SimplePropertyPath.from(SimplePropertyPath.java:228) ~[spring-data-commons-4.1.0.jar:4.1.0]
	at org.springframework.data.core.PropertyPath.from(PropertyPath.java:264) ~[spring-data-commons-4.1.0.jar:4.1.0]
	at org.springframework.data.core.PropertyPath.from(PropertyPath.java:247) ~[spring-data-commons-4.1.0.jar:4.1.0]
	at org.springframework.data.repository.query.parser.Part.<init>(Part.java:81) ~[spring-data-commons-4.1.0.jar:4.1.0]
	at org.springframework.data.repository.query.parser.PartTree$OrPart.lambda$new$0(PartTree.java:260) ~[spring-data-commons-4.1.0.jar:4.1.0]
	at java.base/java.util.stream.ReferencePipeline$3$1.accept(ReferencePipeline.java:214) ~[na:na]
	at java.base/java.util.stream.ReferencePipeline$2$1.accept(ReferencePipeline.java:197) ~[na:na]
	at java.base/java.util.Spliterators$ArraySpliterator.forEachRemaining(Spliterators.java:1024) ~[na:na]
	at java.base/java.util.stream.AbstractPipeline.copyInto(AbstractPipeline.java:570) ~[na:na]
	at java.base/java.util.stream.AbstractPipeline.wrapAndCopyInto(AbstractPipeline.java:560) ~[na:na]
	at java.base/java.util.stream.ReduceOps$ReduceOp.evaluateSequential(ReduceOps.java:921) ~[na:na]
	at java.base/java.util.stream.AbstractPipeline.evaluate(AbstractPipeline.java:265) ~[na:na]
	at java.base/java.util.stream.ReferencePipeline.collect(ReferencePipeline.java:723) ~[na:na]
	at org.springframework.data.repository.query.parser.PartTree$OrPart.<init>(PartTree.java:261) ~[spring-data-commons-4.1.0.jar:4.1.0]
	at org.springframework.data.repository.query.parser.PartTree$Predicate.lambda$new$0(PartTree.java:390) ~[spring-data-commons-4.1.0.jar:4.1.0]
	at java.base/java.util.stream.ReferencePipeline$3$1.accept(ReferencePipeline.java:214) ~[na:na]
	at java.base/java.util.stream.ReferencePipeline$2$1.accept(ReferencePipeline.java:197) ~[na:na]
	at java.base/java.util.Spliterators$ArraySpliterator.forEachRemaining(Spliterators.java:1024) ~[na:na]
	at java.base/java.util.stream.AbstractPipeline.copyInto(AbstractPipeline.java:570) ~[na:na]
	at java.base/java.util.stream.AbstractPipeline.wrapAndCopyInto(AbstractPipeline.java:560) ~[na:na]
	at java.base/java.util.stream.ReduceOps$ReduceOp.evaluateSequential(ReduceOps.java:921) ~[na:na]
	at java.base/java.util.stream.AbstractPipeline.evaluate(AbstractPipeline.java:265) ~[na:na]
	at java.base/java.util.stream.ReferencePipeline.collect(ReferencePipeline.java:723) ~[na:na]
	at org.springframework.data.repository.query.parser.PartTree$Predicate.<init>(PartTree.java:391) ~[spring-data-commons-4.1.0.jar:4.1.0]
	at org.springframework.data.repository.query.parser.PartTree.<init>(PartTree.java:104) ~[spring-data-commons-4.1.0.jar:4.1.0]
	at org.springframework.data.jpa.repository.query.PartTreeJpaQuery.<init>(PartTreeJpaQuery.java:108) ~[spring-data-jpa-4.1.0.jar:4.1.0]
	... 49 common frames omitted

2026-07-26T14:22:52.389+06:00  INFO 28388 --- [CartFlow-POS v1.0] [restartedMain] c.sparktech.cart_pos_v1_0.Application    : Starting Application using Java 25.0.3 with PID 28388 (E:\Advance Java Assignment\CartFlow-POS v1.0\target\classes started by LENOVO in E:\Advance Java Assignment\CartFlow-POS v1.0)
2026-07-26T14:22:52.393+06:00  INFO 28388 --- [CartFlow-POS v1.0] [restartedMain] c.sparktech.cart_pos_v1_0.Application    : No active profile set, falling back to 1 default profile: "default"
2026-07-26T14:22:52.456+06:00  INFO 28388 --- [CartFlow-POS v1.0] [restartedMain] .e.DevToolsPropertyDefaultsPostProcessor : Devtools property defaults active! Set 'spring.devtools.add-properties' to 'false' to disable
2026-07-26T14:22:52.456+06:00  INFO 28388 --- [CartFlow-POS v1.0] [restartedMain] .e.DevToolsPropertyDefaultsPostProcessor : For additional web related logging consider setting the 'logging.level.web' property to 'DEBUG'
2026-07-26T14:22:53.383+06:00  INFO 28388 --- [CartFlow-POS v1.0] [restartedMain] .s.d.r.c.RepositoryConfigurationDelegate : Bootstrapping Spring Data JPA repositories in DEFAULT mode.
2026-07-26T14:22:53.469+06:00  INFO 28388 --- [CartFlow-POS v1.0] [restartedMain] .s.d.r.c.RepositoryConfigurationDelegate : Finished Spring Data repository scanning in 64 ms. Found 2 JPA repository interfaces.
2026-07-26T14:22:54.142+06:00  INFO 28388 --- [CartFlow-POS v1.0] [restartedMain] o.s.boot.tomcat.TomcatWebServer          : Tomcat initialized with port 5782 (http)
2026-07-26T14:22:54.159+06:00  INFO 28388 --- [CartFlow-POS v1.0] [restartedMain] o.apache.catalina.core.StandardService   : Starting service [Tomcat]
2026-07-26T14:22:54.160+06:00  INFO 28388 --- [CartFlow-POS v1.0] [restartedMain] o.apache.catalina.core.StandardEngine    : Starting Servlet engine: [Apache Tomcat/11.0.22]
2026-07-26T14:22:54.216+06:00  INFO 28388 --- [CartFlow-POS v1.0] [restartedMain] b.w.c.s.WebApplicationContextInitializer : Root WebApplicationContext: initialization completed in 1759 ms
2026-07-26T14:22:54.455+06:00  INFO 28388 --- [CartFlow-POS v1.0] [restartedMain] org.hibernate.orm.jpa                    : HHH008540: Processing PersistenceUnitInfo [name: default]
2026-07-26T14:22:54.503+06:00  INFO 28388 --- [CartFlow-POS v1.0] [restartedMain] org.hibernate.orm.core                   : HHH000001: Hibernate ORM core version 7.4.1.Final
2026-07-26T14:22:54.981+06:00  INFO 28388 --- [CartFlow-POS v1.0] [restartedMain] o.s.o.j.p.SpringPersistenceUnitInfo      : No LoadTimeWeaver setup: ignoring JPA class transformer
2026-07-26T14:22:55.014+06:00  INFO 28388 --- [CartFlow-POS v1.0] [restartedMain] com.zaxxer.hikari.HikariDataSource       : HikariPool-1 - Starting...
2026-07-26T14:22:55.517+06:00  INFO 28388 --- [CartFlow-POS v1.0] [restartedMain] com.zaxxer.hikari.pool.HikariPool        : HikariPool-1 - Added connection com.mysql.cj.jdbc.ConnectionImpl@7d3453ef
2026-07-26T14:22:55.519+06:00  INFO 28388 --- [CartFlow-POS v1.0] [restartedMain] com.zaxxer.hikari.HikariDataSource       : HikariPool-1 - Start completed.
2026-07-26T14:22:55.631+06:00  INFO 28388 --- [CartFlow-POS v1.0] [restartedMain] org.hibernate.orm.connections.pooling    : HHH10001005: Database info:
	Database JDBC URL [jdbc:mysql://localhost:3306/cartflow_pos]
	Database driver: MySQL Connector/J
	Database dialect: MySQLDialect
	Database version: 8.0.46
	Default catalog/schema: cartflow_pos/undefined
	Autocommit mode: undefined/unknown
	Isolation level: REPEATABLE_READ [default REPEATABLE_READ]
	JDBC fetch size: none
	Pool: DataSourceConnectionProvider
	Minimum pool size: undefined/unknown
	Maximum pool size: undefined/unknown
2026-07-26T14:22:56.900+06:00  INFO 28388 --- [CartFlow-POS v1.0] [restartedMain] org.hibernate.orm.core                   : HHH000489: No JTA platform available (set 'hibernate.transaction.jta.platform' to enable JTA platform integration)
2026-07-26T14:22:57.003+06:00  INFO 28388 --- [CartFlow-POS v1.0] [restartedMain] j.LocalContainerEntityManagerFactoryBean : Initialized JPA EntityManagerFactory for persistence unit 'default'
2026-07-26T14:22:57.097+06:00  INFO 28388 --- [CartFlow-POS v1.0] [restartedMain] o.s.d.j.r.query.QueryEnhancerFactories   : Hibernate is in classpath; If applicable, HQL parser will be used.
2026-07-26T14:22:57.356+06:00  WARN 28388 --- [CartFlow-POS v1.0] [restartedMain] ConfigServletWebServerApplicationContext : Exception encountered during context initialization - cancelling refresh attempt: org.springframework.beans.factory.UnsatisfiedDependencyException: Error creating bean with name 'saleController' defined in file [E:\Advance Java Assignment\CartFlow-POS v1.0\target\classes\com\sparktech\cart_pos_v1_0\Controller\SaleController.class]: Unsatisfied dependency expressed through constructor parameter 1: Error creating bean with name 'saleInterface' defined in com.sparktech.cart_pos_v1_0.Interface.SaleInterface defined in @EnableJpaRepositories declared on DataJpaRepositoriesRegistrar.EnableJpaRepositoriesConfiguration: No property 'byName' found for type 'Sale'
2026-07-26T14:22:57.356+06:00  INFO 28388 --- [CartFlow-POS v1.0] [restartedMain] j.LocalContainerEntityManagerFactoryBean : Closing JPA EntityManagerFactory for persistence unit 'default'
2026-07-26T14:22:57.364+06:00  INFO 28388 --- [CartFlow-POS v1.0] [restartedMain] com.zaxxer.hikari.HikariDataSource       : HikariPool-1 - Shutdown initiated...
2026-07-26T14:22:57.380+06:00  INFO 28388 --- [CartFlow-POS v1.0] [restartedMain] com.zaxxer.hikari.HikariDataSource       : HikariPool-1 - Shutdown completed.
2026-07-26T14:22:57.387+06:00  INFO 28388 --- [CartFlow-POS v1.0] [restartedMain] o.apache.catalina.core.StandardService   : Stopping service [Tomcat]
2026-07-26T14:22:57.412+06:00  INFO 28388 --- [CartFlow-POS v1.0] [restartedMain] .s.b.a.l.ConditionEvaluationReportLogger : 

Error starting ApplicationContext. To display the condition evaluation report re-run your application with 'debug' enabled.
2026-07-26T14:22:57.445+06:00 ERROR 28388 --- [CartFlow-POS v1.0] [restartedMain] o.s.boot.SpringApplication               : Application run failed

org.springframework.beans.factory.UnsatisfiedDependencyException: Error creating bean with name 'saleController' defined in file [E:\Advance Java Assignment\CartFlow-POS v1.0\target\classes\com\sparktech\cart_pos_v1_0\Controller\SaleController.class]: Unsatisfied dependency expressed through constructor parameter 1: Error creating bean with name 'saleInterface' defined in com.sparktech.cart_pos_v1_0.Interface.SaleInterface defined in @EnableJpaRepositories declared on DataJpaRepositoriesRegistrar.EnableJpaRepositoriesConfiguration: No property 'byName' found for type 'Sale'
	at org.springframework.beans.factory.support.ConstructorResolver.createArgumentArray(ConstructorResolver.java:804) ~[spring-beans-7.0.8.jar:7.0.8]
	at org.springframework.beans.factory.support.ConstructorResolver.autowireConstructor(ConstructorResolver.java:240) ~[spring-beans-7.0.8.jar:7.0.8]
	at org.springframework.beans.factory.support.AbstractAutowireCapableBeanFactory.autowireConstructor(AbstractAutowireCapableBeanFactory.java:1380) ~[spring-beans-7.0.8.jar:7.0.8]
	at org.springframework.beans.factory.support.AbstractAutowireCapableBeanFactory.createBeanInstance(AbstractAutowireCapableBeanFactory.java:1219) ~[spring-beans-7.0.8.jar:7.0.8]
	at org.springframework.beans.factory.support.AbstractAutowireCapableBeanFactory.doCreateBean(AbstractAutowireCapableBeanFactory.java:565) ~[spring-beans-7.0.8.jar:7.0.8]
	at org.springframework.beans.factory.support.AbstractAutowireCapableBeanFactory.createBean(AbstractAutowireCapableBeanFactory.java:525) ~[spring-beans-7.0.8.jar:7.0.8]
	at org.springframework.beans.factory.support.AbstractBeanFactory.lambda$doGetBean$0(AbstractBeanFactory.java:333) ~[spring-beans-7.0.8.jar:7.0.8]
	at org.springframework.beans.factory.support.DefaultSingletonBeanRegistry.getSingleton(DefaultSingletonBeanRegistry.java:371) ~[spring-beans-7.0.8.jar:7.0.8]
	at org.springframework.beans.factory.support.AbstractBeanFactory.doGetBean(AbstractBeanFactory.java:331) ~[spring-beans-7.0.8.jar:7.0.8]
	at org.springframework.beans.factory.support.AbstractBeanFactory.getBean(AbstractBeanFactory.java:196) ~[spring-beans-7.0.8.jar:7.0.8]
	at org.springframework.beans.factory.support.DefaultListableBeanFactory.instantiateSingleton(DefaultListableBeanFactory.java:1225) ~[spring-beans-7.0.8.jar:7.0.8]
	at org.springframework.beans.factory.support.DefaultListableBeanFactory.preInstantiateSingleton(DefaultListableBeanFactory.java:1191) ~[spring-beans-7.0.8.jar:7.0.8]
	at org.springframework.beans.factory.support.DefaultListableBeanFactory.preInstantiateSingletons(DefaultListableBeanFactory.java:1121) ~[spring-beans-7.0.8.jar:7.0.8]
	at org.springframework.context.support.AbstractApplicationContext.finishBeanFactoryInitialization(AbstractApplicationContext.java:994) ~[spring-context-7.0.8.jar:7.0.8]
	at org.springframework.context.support.AbstractApplicationContext.refresh(AbstractApplicationContext.java:621) ~[spring-context-7.0.8.jar:7.0.8]
	at org.springframework.boot.web.server.servlet.context.ServletWebServerApplicationContext.refresh(ServletWebServerApplicationContext.java:143) ~[spring-boot-web-server-4.1.0.jar:4.1.0]
	at org.springframework.boot.SpringApplication.refresh(SpringApplication.java:756) ~[spring-boot-4.1.0.jar:4.1.0]
	at org.springframework.boot.SpringApplication.refreshContext(SpringApplication.java:445) ~[spring-boot-4.1.0.jar:4.1.0]
	at org.springframework.boot.SpringApplication.run(SpringApplication.java:321) ~[spring-boot-4.1.0.jar:4.1.0]
	at org.springframework.boot.SpringApplication.run(SpringApplication.java:1365) ~[spring-boot-4.1.0.jar:4.1.0]
	at org.springframework.boot.SpringApplication.run(SpringApplication.java:1354) ~[spring-boot-4.1.0.jar:4.1.0]
	at com.sparktech.cart_pos_v1_0.Application.main(Application.java:10) ~[classes/:na]
	at java.base/jdk.internal.reflect.DirectMethodHandleAccessor.invoke(DirectMethodHandleAccessor.java:104) ~[na:na]
	at java.base/java.lang.reflect.Method.invoke(Method.java:565) ~[na:na]
	at org.springframework.boot.devtools.restart.RestartLauncher.run(RestartLauncher.java:52) ~[spring-boot-devtools-4.1.0.jar:4.1.0]
Caused by: org.springframework.beans.factory.BeanCreationException: Error creating bean with name 'saleInterface' defined in com.sparktech.cart_pos_v1_0.Interface.SaleInterface defined in @EnableJpaRepositories declared on DataJpaRepositoriesRegistrar.EnableJpaRepositoriesConfiguration: No property 'byName' found for type 'Sale'
	at org.springframework.beans.factory.support.AbstractAutowireCapableBeanFactory.initializeBean(AbstractAutowireCapableBeanFactory.java:1815) ~[spring-beans-7.0.8.jar:7.0.8]
	at org.springframework.beans.factory.support.AbstractAutowireCapableBeanFactory.doCreateBean(AbstractAutowireCapableBeanFactory.java:603) ~[spring-beans-7.0.8.jar:7.0.8]
	at org.springframework.beans.factory.support.AbstractAutowireCapableBeanFactory.createBean(AbstractAutowireCapableBeanFactory.java:525) ~[spring-beans-7.0.8.jar:7.0.8]
	at org.springframework.beans.factory.support.AbstractBeanFactory.lambda$doGetBean$0(AbstractBeanFactory.java:333) ~[spring-beans-7.0.8.jar:7.0.8]
	at org.springframework.beans.factory.support.DefaultSingletonBeanRegistry.getSingleton(DefaultSingletonBeanRegistry.java:371) ~[spring-beans-7.0.8.jar:7.0.8]
	at org.springframework.beans.factory.support.AbstractBeanFactory.doGetBean(AbstractBeanFactory.java:331) ~[spring-beans-7.0.8.jar:7.0.8]
	at org.springframework.beans.factory.support.AbstractBeanFactory.getBean(AbstractBeanFactory.java:201) ~[spring-beans-7.0.8.jar:7.0.8]
	at org.springframework.beans.factory.support.DefaultListableBeanFactory.resolveBean(DefaultListableBeanFactory.java:1232) ~[spring-beans-7.0.8.jar:7.0.8]
	at org.springframework.beans.factory.support.DefaultListableBeanFactory.doResolveDependency(DefaultListableBeanFactory.java:1711) ~[spring-beans-7.0.8.jar:7.0.8]
	at org.springframework.beans.factory.support.DefaultListableBeanFactory.resolveDependency(DefaultListableBeanFactory.java:1658) ~[spring-beans-7.0.8.jar:7.0.8]
	at org.springframework.beans.factory.support.ConstructorResolver.resolveAutowiredArgument(ConstructorResolver.java:912) ~[spring-beans-7.0.8.jar:7.0.8]
	at org.springframework.beans.factory.support.ConstructorResolver.createArgumentArray(ConstructorResolver.java:791) ~[spring-beans-7.0.8.jar:7.0.8]
	... 24 common frames omitted
Caused by: org.springframework.data.repository.query.QueryCreationException: Cannot create query for method [SaleInterface.findByByNameContainingIgnoreCaseOrCategoryContainingIgnoreCase(java.lang.String,java.lang.String)]; No property 'byName' found for type 'Sale'
	at org.springframework.data.repository.query.QueryCreationException.create(QueryCreationException.java:109) ~[spring-data-commons-4.1.0.jar:4.1.0]
	at org.springframework.data.jpa.repository.query.PartTreeJpaQuery.<init>(PartTreeJpaQuery.java:114) ~[spring-data-jpa-4.1.0.jar:4.1.0]
	at org.springframework.data.jpa.repository.query.JpaQueryLookupStrategy$CreateQueryLookupStrategy.resolveQuery(JpaQueryLookupStrategy.java:118) ~[spring-data-jpa-4.1.0.jar:4.1.0]
	at org.springframework.data.jpa.repository.query.JpaQueryLookupStrategy$CreateIfNotFoundQueryLookupStrategy.resolveQuery(JpaQueryLookupStrategy.java:291) ~[spring-data-jpa-4.1.0.jar:4.1.0]
	at org.springframework.data.jpa.repository.query.JpaQueryLookupStrategy$AbstractQueryLookupStrategy.resolveQuery(JpaQueryLookupStrategy.java:93) ~[spring-data-jpa-4.1.0.jar:4.1.0]
	at org.springframework.data.repository.core.support.QueryExecutorMethodInterceptor.lookupQuery(QueryExecutorMethodInterceptor.java:114) ~[spring-data-commons-4.1.0.jar:4.1.0]
	at org.springframework.data.repository.core.support.QueryExecutorMethodInterceptor.mapMethodsToQuery(QueryExecutorMethodInterceptor.java:102) ~[spring-data-commons-4.1.0.jar:4.1.0]
	at org.springframework.data.repository.core.support.QueryExecutorMethodInterceptor.<init>(QueryExecutorMethodInterceptor.java:90) ~[spring-data-commons-4.1.0.jar:4.1.0]
	at org.springframework.data.repository.core.support.RepositoryFactorySupport.getRepository(RepositoryFactorySupport.java:413) ~[spring-data-commons-4.1.0.jar:4.1.0]
	at org.springframework.data.repository.core.support.RepositoryFactoryBeanSupport.lambda$afterPropertiesSet$1(RepositoryFactoryBeanSupport.java:361) ~[spring-data-commons-4.1.0.jar:4.1.0]
	at org.springframework.data.util.Lazy.getNullable(Lazy.java:136) ~[spring-data-commons-4.1.0.jar:4.1.0]
	at org.springframework.data.util.Lazy.get(Lazy.java:114) ~[spring-data-commons-4.1.0.jar:4.1.0]
	at org.springframework.data.repository.core.support.RepositoryFactoryBeanSupport.afterPropertiesSet(RepositoryFactoryBeanSupport.java:370) ~[spring-data-commons-4.1.0.jar:4.1.0]
	at org.springframework.data.jpa.repository.support.JpaRepositoryFactoryBean.afterPropertiesSet(JpaRepositoryFactoryBean.java:212) ~[spring-data-jpa-4.1.0.jar:4.1.0]
	at org.springframework.beans.factory.support.AbstractAutowireCapableBeanFactory.invokeInitMethods(AbstractAutowireCapableBeanFactory.java:1862) ~[spring-beans-7.0.8.jar:7.0.8]
	at org.springframework.beans.factory.support.AbstractAutowireCapableBeanFactory.initializeBean(AbstractAutowireCapableBeanFactory.java:1811) ~[spring-beans-7.0.8.jar:7.0.8]
	... 35 common frames omitted
Caused by: org.springframework.data.core.PropertyReferenceException: No property 'byName' found for type 'Sale'
	at org.springframework.data.core.SimplePropertyPath.<init>(SimplePropertyPath.java:94) ~[spring-data-commons-4.1.0.jar:4.1.0]
	at org.springframework.data.core.SimplePropertyPath.create(SimplePropertyPath.java:322) ~[spring-data-commons-4.1.0.jar:4.1.0]
	at org.springframework.data.core.SimplePropertyPath.create(SimplePropertyPath.java:297) ~[spring-data-commons-4.1.0.jar:4.1.0]
	at org.springframework.data.core.SimplePropertyPath.lambda$from$0(SimplePropertyPath.java:250) ~[spring-data-commons-4.1.0.jar:4.1.0]
	at org.springframework.util.ConcurrentReferenceHashMap$6.execute(ConcurrentReferenceHashMap.java:387) ~[spring-core-7.0.8.jar:7.0.8]
	at org.springframework.util.ConcurrentReferenceHashMap$Segment.doTask(ConcurrentReferenceHashMap.java:688) ~[spring-core-7.0.8.jar:7.0.8]
	at org.springframework.util.ConcurrentReferenceHashMap.doTask(ConcurrentReferenceHashMap.java:572) ~[spring-core-7.0.8.jar:7.0.8]
	at org.springframework.util.ConcurrentReferenceHashMap.computeIfAbsent(ConcurrentReferenceHashMap.java:381) ~[spring-core-7.0.8.jar:7.0.8]
	at org.springframework.data.core.SimplePropertyPath.from(SimplePropertyPath.java:228) ~[spring-data-commons-4.1.0.jar:4.1.0]
	at org.springframework.data.core.PropertyPath.from(PropertyPath.java:264) ~[spring-data-commons-4.1.0.jar:4.1.0]
	at org.springframework.data.core.PropertyPath.from(PropertyPath.java:247) ~[spring-data-commons-4.1.0.jar:4.1.0]
	at org.springframework.data.repository.query.parser.Part.<init>(Part.java:81) ~[spring-data-commons-4.1.0.jar:4.1.0]
	at org.springframework.data.repository.query.parser.PartTree$OrPart.lambda$new$0(PartTree.java:260) ~[spring-data-commons-4.1.0.jar:4.1.0]
	at java.base/java.util.stream.ReferencePipeline$3$1.accept(ReferencePipeline.java:214) ~[na:na]
	at java.base/java.util.stream.ReferencePipeline$2$1.accept(ReferencePipeline.java:197) ~[na:na]
	at java.base/java.util.Spliterators$ArraySpliterator.forEachRemaining(Spliterators.java:1024) ~[na:na]
	at java.base/java.util.stream.AbstractPipeline.copyInto(AbstractPipeline.java:570) ~[na:na]
	at java.base/java.util.stream.AbstractPipeline.wrapAndCopyInto(AbstractPipeline.java:560) ~[na:na]
	at java.base/java.util.stream.ReduceOps$ReduceOp.evaluateSequential(ReduceOps.java:921) ~[na:na]
	at java.base/java.util.stream.AbstractPipeline.evaluate(AbstractPipeline.java:265) ~[na:na]
	at java.base/java.util.stream.ReferencePipeline.collect(ReferencePipeline.java:723) ~[na:na]
	at org.springframework.data.repository.query.parser.PartTree$OrPart.<init>(PartTree.java:261) ~[spring-data-commons-4.1.0.jar:4.1.0]
	at org.springframework.data.repository.query.parser.PartTree$Predicate.lambda$new$0(PartTree.java:390) ~[spring-data-commons-4.1.0.jar:4.1.0]
	at java.base/java.util.stream.ReferencePipeline$3$1.accept(ReferencePipeline.java:214) ~[na:na]
	at java.base/java.util.stream.ReferencePipeline$2$1.accept(ReferencePipeline.java:197) ~[na:na]
	at java.base/java.util.Spliterators$ArraySpliterator.forEachRemaining(Spliterators.java:1024) ~[na:na]
	at java.base/java.util.stream.AbstractPipeline.copyInto(AbstractPipeline.java:570) ~[na:na]
	at java.base/java.util.stream.AbstractPipeline.wrapAndCopyInto(AbstractPipeline.java:560) ~[na:na]
	at java.base/java.util.stream.ReduceOps$ReduceOp.evaluateSequential(ReduceOps.java:921) ~[na:na]
	at java.base/java.util.stream.AbstractPipeline.evaluate(AbstractPipeline.java:265) ~[na:na]
	at java.base/java.util.stream.ReferencePipeline.collect(ReferencePipeline.java:723) ~[na:na]
	at org.springframework.data.repository.query.parser.PartTree$Predicate.<init>(PartTree.java:391) ~[spring-data-commons-4.1.0.jar:4.1.0]
	at org.springframework.data.repository.query.parser.PartTree.<init>(PartTree.java:104) ~[spring-data-commons-4.1.0.jar:4.1.0]
	at org.springframework.data.jpa.repository.query.PartTreeJpaQuery.<init>(PartTreeJpaQuery.java:108) ~[spring-data-jpa-4.1.0.jar:4.1.0]
	... 49 common frames omitted

2026-07-26T14:24:57.508+06:00  INFO 3512 --- [CartFlow-POS v1.0] [restartedMain] c.sparktech.cart_pos_v1_0.Application    : Starting Application using Java 25.0.3 with PID 3512 (E:\Advance Java Assignment\CartFlow-POS v1.0\target\classes started by LENOVO in E:\Advance Java Assignment\CartFlow-POS v1.0)
2026-07-26T14:24:57.514+06:00  INFO 3512 --- [CartFlow-POS v1.0] [restartedMain] c.sparktech.cart_pos_v1_0.Application    : No active profile set, falling back to 1 default profile: "default"
2026-07-26T14:24:57.595+06:00  INFO 3512 --- [CartFlow-POS v1.0] [restartedMain] .e.DevToolsPropertyDefaultsPostProcessor : Devtools property defaults active! Set 'spring.devtools.add-properties' to 'false' to disable
2026-07-26T14:24:57.596+06:00  INFO 3512 --- [CartFlow-POS v1.0] [restartedMain] .e.DevToolsPropertyDefaultsPostProcessor : For additional web related logging consider setting the 'logging.level.web' property to 'DEBUG'
2026-07-26T14:24:58.532+06:00  INFO 3512 --- [CartFlow-POS v1.0] [restartedMain] .s.d.r.c.RepositoryConfigurationDelegate : Bootstrapping Spring Data JPA repositories in DEFAULT mode.
2026-07-26T14:24:58.597+06:00  INFO 3512 --- [CartFlow-POS v1.0] [restartedMain] .s.d.r.c.RepositoryConfigurationDelegate : Finished Spring Data repository scanning in 52 ms. Found 2 JPA repository interfaces.
2026-07-26T14:24:59.284+06:00  INFO 3512 --- [CartFlow-POS v1.0] [restartedMain] o.s.boot.tomcat.TomcatWebServer          : Tomcat initialized with port 5782 (http)
2026-07-26T14:24:59.301+06:00  INFO 3512 --- [CartFlow-POS v1.0] [restartedMain] o.apache.catalina.core.StandardService   : Starting service [Tomcat]
2026-07-26T14:24:59.302+06:00  INFO 3512 --- [CartFlow-POS v1.0] [restartedMain] o.apache.catalina.core.StandardEngine    : Starting Servlet engine: [Apache Tomcat/11.0.22]
2026-07-26T14:24:59.368+06:00  INFO 3512 --- [CartFlow-POS v1.0] [restartedMain] b.w.c.s.WebApplicationContextInitializer : Root WebApplicationContext: initialization completed in 1771 ms
2026-07-26T14:24:59.580+06:00  INFO 3512 --- [CartFlow-POS v1.0] [restartedMain] org.hibernate.orm.jpa                    : HHH008540: Processing PersistenceUnitInfo [name: default]
2026-07-26T14:24:59.638+06:00  INFO 3512 --- [CartFlow-POS v1.0] [restartedMain] org.hibernate.orm.core                   : HHH000001: Hibernate ORM core version 7.4.1.Final
2026-07-26T14:25:00.272+06:00  INFO 3512 --- [CartFlow-POS v1.0] [restartedMain] o.s.o.j.p.SpringPersistenceUnitInfo      : No LoadTimeWeaver setup: ignoring JPA class transformer
2026-07-26T14:25:00.330+06:00  INFO 3512 --- [CartFlow-POS v1.0] [restartedMain] com.zaxxer.hikari.HikariDataSource       : HikariPool-1 - Starting...
2026-07-26T14:25:00.767+06:00  INFO 3512 --- [CartFlow-POS v1.0] [restartedMain] com.zaxxer.hikari.pool.HikariPool        : HikariPool-1 - Added connection com.mysql.cj.jdbc.ConnectionImpl@25d09904
2026-07-26T14:25:00.770+06:00  INFO 3512 --- [CartFlow-POS v1.0] [restartedMain] com.zaxxer.hikari.HikariDataSource       : HikariPool-1 - Start completed.
2026-07-26T14:25:00.900+06:00  INFO 3512 --- [CartFlow-POS v1.0] [restartedMain] org.hibernate.orm.connections.pooling    : HHH10001005: Database info:
	Database JDBC URL [jdbc:mysql://localhost:3306/cartflow_pos]
	Database driver: MySQL Connector/J
	Database dialect: MySQLDialect
	Database version: 8.0.46
	Default catalog/schema: cartflow_pos/undefined
	Autocommit mode: undefined/unknown
	Isolation level: REPEATABLE_READ [default REPEATABLE_READ]
	JDBC fetch size: none
	Pool: DataSourceConnectionProvider
	Minimum pool size: undefined/unknown
	Maximum pool size: undefined/unknown
2026-07-26T14:25:02.238+06:00  INFO 3512 --- [CartFlow-POS v1.0] [restartedMain] org.hibernate.orm.core                   : HHH000489: No JTA platform available (set 'hibernate.transaction.jta.platform' to enable JTA platform integration)
2026-07-26T14:25:02.363+06:00  INFO 3512 --- [CartFlow-POS v1.0] [restartedMain] j.LocalContainerEntityManagerFactoryBean : Initialized JPA EntityManagerFactory for persistence unit 'default'
2026-07-26T14:25:02.505+06:00  INFO 3512 --- [CartFlow-POS v1.0] [restartedMain] o.s.d.j.r.query.QueryEnhancerFactories   : Hibernate is in classpath; If applicable, HQL parser will be used.
2026-07-26T14:25:02.909+06:00  WARN 3512 --- [CartFlow-POS v1.0] [restartedMain] JpaBaseConfiguration$JpaWebConfiguration : spring.jpa.open-in-view is enabled by default. Therefore, database queries may be performed during view rendering. Explicitly configure spring.jpa.open-in-view to disable this warning
2026-07-26T14:25:03.809+06:00  INFO 3512 --- [CartFlow-POS v1.0] [restartedMain] o.s.boot.tomcat.TomcatWebServer          : Tomcat started on port 5782 (http) with context path '/'
2026-07-26T14:25:03.819+06:00  INFO 3512 --- [CartFlow-POS v1.0] [restartedMain] c.sparktech.cart_pos_v1_0.Application    : Started Application in 6.9 seconds (process running for 7.925)
2026-07-26T14:25:18.650+06:00  INFO 3512 --- [CartFlow-POS v1.0] [http-nio-0.0.0.0-5782-exec-1] o.a.c.c.C.[Tomcat].[localhost].[/]       : Initializing Spring DispatcherServlet 'dispatcherServlet'
2026-07-26T14:25:18.651+06:00  INFO 3512 --- [CartFlow-POS v1.0] [http-nio-0.0.0.0-5782-exec-1] o.s.web.servlet.DispatcherServlet        : Initializing Servlet 'dispatcherServlet'
2026-07-26T14:25:18.654+06:00  INFO 3512 --- [CartFlow-POS v1.0] [http-nio-0.0.0.0-5782-exec-1] o.s.web.servlet.DispatcherServlet        : Completed initialization in 3 ms
2026-07-26T14:53:26.639+06:00  INFO 3512 --- [CartFlow-POS v1.0] [SpringApplicationShutdownHook] o.s.boot.tomcat.GracefulShutdown         : Commencing graceful shutdown. Waiting for active requests to complete
2026-07-26T14:53:26.649+06:00  INFO 3512 --- [CartFlow-POS v1.0] [tomcat-shutdown] o.s.boot.tomcat.GracefulShutdown         : Graceful shutdown complete
2026-07-26T14:53:26.659+06:00  INFO 3512 --- [CartFlow-POS v1.0] [SpringApplicationShutdownHook] j.LocalContainerEntityManagerFactoryBean : Closing JPA EntityManagerFactory for persistence unit 'default'
2026-07-26T14:53:26.668+06:00  INFO 3512 --- [CartFlow-POS v1.0] [SpringApplicationShutdownHook] com.zaxxer.hikari.HikariDataSource       : HikariPool-1 - Shutdown initiated...
2026-07-26T14:53:26.684+06:00  INFO 3512 --- [CartFlow-POS v1.0] [SpringApplicationShutdownHook] com.zaxxer.hikari.HikariDataSource       : HikariPool-1 - Shutdown completed.
2026-07-26T16:02:20.805+06:00  INFO 30068 --- [CartFlow-POS v1.0] [restartedMain] c.sparktech.cart_pos_v1_0.Application    : Starting Application using Java 25.0.3 with PID 30068 (E:\Advance Java Assignment\CartFlow-POS v1.0\target\classes started by LENOVO in E:\Advance Java Assignment\CartFlow-POS v1.0)
2026-07-26T16:02:20.809+06:00  INFO 30068 --- [CartFlow-POS v1.0] [restartedMain] c.sparktech.cart_pos_v1_0.Application    : No active profile set, falling back to 1 default profile: "default"
2026-07-26T16:02:20.873+06:00  INFO 30068 --- [CartFlow-POS v1.0] [restartedMain] .e.DevToolsPropertyDefaultsPostProcessor : Devtools property defaults active! Set 'spring.devtools.add-properties' to 'false' to disable
2026-07-26T16:02:20.874+06:00  INFO 30068 --- [CartFlow-POS v1.0] [restartedMain] .e.DevToolsPropertyDefaultsPostProcessor : For additional web related logging consider setting the 'logging.level.web' property to 'DEBUG'
2026-07-26T16:02:21.777+06:00  INFO 30068 --- [CartFlow-POS v1.0] [restartedMain] .s.d.r.c.RepositoryConfigurationDelegate : Bootstrapping Spring Data JPA repositories in DEFAULT mode.
2026-07-26T16:02:21.849+06:00  INFO 30068 --- [CartFlow-POS v1.0] [restartedMain] .s.d.r.c.RepositoryConfigurationDelegate : Finished Spring Data repository scanning in 60 ms. Found 2 JPA repository interfaces.
2026-07-26T16:02:23.162+06:00  INFO 30068 --- [CartFlow-POS v1.0] [restartedMain] o.s.boot.tomcat.TomcatWebServer          : Tomcat initialized with port 5782 (http)
2026-07-26T16:02:23.201+06:00  INFO 30068 --- [CartFlow-POS v1.0] [restartedMain] o.apache.catalina.core.StandardService   : Starting service [Tomcat]
2026-07-26T16:02:23.203+06:00  INFO 30068 --- [CartFlow-POS v1.0] [restartedMain] o.apache.catalina.core.StandardEngine    : Starting Servlet engine: [Apache Tomcat/11.0.22]
2026-07-26T16:02:23.371+06:00  INFO 30068 --- [CartFlow-POS v1.0] [restartedMain] b.w.c.s.WebApplicationContextInitializer : Root WebApplicationContext: initialization completed in 2496 ms
2026-07-26T16:02:23.945+06:00  INFO 30068 --- [CartFlow-POS v1.0] [restartedMain] org.hibernate.orm.jpa                    : HHH008540: Processing PersistenceUnitInfo [name: default]
2026-07-26T16:02:24.133+06:00  INFO 30068 --- [CartFlow-POS v1.0] [restartedMain] org.hibernate.orm.core                   : HHH000001: Hibernate ORM core version 7.4.1.Final
2026-07-26T16:02:25.469+06:00  INFO 30068 --- [CartFlow-POS v1.0] [restartedMain] o.s.o.j.p.SpringPersistenceUnitInfo      : No LoadTimeWeaver setup: ignoring JPA class transformer
2026-07-26T16:02:25.555+06:00  INFO 30068 --- [CartFlow-POS v1.0] [restartedMain] com.zaxxer.hikari.HikariDataSource       : HikariPool-1 - Starting...
2026-07-26T16:02:26.430+06:00  INFO 30068 --- [CartFlow-POS v1.0] [restartedMain] com.zaxxer.hikari.pool.HikariPool        : HikariPool-1 - Added connection com.mysql.cj.jdbc.ConnectionImpl@12a96029
2026-07-26T16:02:26.433+06:00  INFO 30068 --- [CartFlow-POS v1.0] [restartedMain] com.zaxxer.hikari.HikariDataSource       : HikariPool-1 - Start completed.
2026-07-26T16:02:26.635+06:00  INFO 30068 --- [CartFlow-POS v1.0] [restartedMain] org.hibernate.orm.connections.pooling    : HHH10001005: Database info:
	Database JDBC URL [jdbc:mysql://localhost:3306/cartflow_pos]
	Database driver: MySQL Connector/J
	Database dialect: MySQLDialect
	Database version: 8.0.46
	Default catalog/schema: cartflow_pos/undefined
	Autocommit mode: undefined/unknown
	Isolation level: REPEATABLE_READ [default REPEATABLE_READ]
	JDBC fetch size: none
	Pool: DataSourceConnectionProvider
	Minimum pool size: undefined/unknown
	Maximum pool size: undefined/unknown
2026-07-26T16:02:30.916+06:00  INFO 30068 --- [CartFlow-POS v1.0] [restartedMain] org.hibernate.orm.core                   : HHH000489: No JTA platform available (set 'hibernate.transaction.jta.platform' to enable JTA platform integration)
2026-07-26T16:02:31.300+06:00  INFO 30068 --- [CartFlow-POS v1.0] [restartedMain] j.LocalContainerEntityManagerFactoryBean : Initialized JPA EntityManagerFactory for persistence unit 'default'
2026-07-26T16:02:31.732+06:00  INFO 30068 --- [CartFlow-POS v1.0] [restartedMain] o.s.d.j.r.query.QueryEnhancerFactories   : Hibernate is in classpath; If applicable, HQL parser will be used.
2026-07-26T16:02:32.983+06:00  WARN 30068 --- [CartFlow-POS v1.0] [restartedMain] JpaBaseConfiguration$JpaWebConfiguration : spring.jpa.open-in-view is enabled by default. Therefore, database queries may be performed during view rendering. Explicitly configure spring.jpa.open-in-view to disable this warning
2026-07-26T16:02:35.049+06:00  INFO 30068 --- [CartFlow-POS v1.0] [restartedMain] o.s.boot.tomcat.TomcatWebServer          : Tomcat started on port 5782 (http) with context path '/'
2026-07-26T16:02:35.078+06:00  INFO 30068 --- [CartFlow-POS v1.0] [restartedMain] c.sparktech.cart_pos_v1_0.Application    : Started Application in 14.955 seconds (process running for 16.413)
2026-07-26T16:02:35.421+06:00  INFO 30068 --- [CartFlow-POS v1.0] [http-nio-0.0.0.0-5782-exec-2] o.a.c.c.C.[Tomcat].[localhost].[/]       : Initializing Spring DispatcherServlet 'dispatcherServlet'
2026-07-26T16:02:35.423+06:00  INFO 30068 --- [CartFlow-POS v1.0] [http-nio-0.0.0.0-5782-exec-2] o.s.web.servlet.DispatcherServlet        : Initializing Servlet 'dispatcherServlet'
2026-07-26T16:02:35.432+06:00  INFO 30068 --- [CartFlow-POS v1.0] [http-nio-0.0.0.0-5782-exec-2] o.s.web.servlet.DispatcherServlet        : Completed initialization in 6 ms
